scenario_id,tail_type,inflation_scenario,structural_break,clause_type,model,basis,attempts,successful_fits,failed_fits,success_rate,accuracy_scope,conditional_accuracy_warning,mean_runtime_seconds,mean_signed_error,median_signed_error,mean_absolute_error,root_mean_squared_error,mean_percentage_error,median_percentage_error,mean_absolute_percentage_error,median_absolute_percentage_error,standard_deviation_percentage_error,standard_deviation_absolute_percentage_error,percentage_error_minimum,percentage_error_5th_percentile,percentage_error_25th_percentile,percentage_error_75th_percentile,percentage_error_95th_percentile,percentage_error_maximum,absolute_percentage_error_minimum,absolute_percentage_error_5th_percentile,absolute_percentage_error_25th_percentile,absolute_percentage_error_75th_percentile,absolute_percentage_error_95th_percentile,absolute_percentage_error_maximum,mcse_mean_signed_error,mcse_mean_percentage_error,mcse_mean_absolute_percentage_error
long_emerging_break,long,emerging,True,none,chain_ladder,ceded,50,7,43,0.14,conditional_on_successful_fits,True,0.02746105702010023,325080818.0466636,207372432.4181001,325080818.0466636,426486779.6165992,101.60162863957966,57.42872061177455,101.60162863957966,57.42872061177455,94.61887792634325,94.61887792634325,25.90362773685884,27.28084793952546,35.8846365161215,135.9734376386506,248.31753060314009,284.16290381887995,25.90362773685884,27.28084793952546,35.8846365161215,135.9734376386506,248.31753060314009,284.16290381887995,112704210.89874272,35.76257433215473,35.76257433215473
long_emerging_break,long,emerging,True,none,expected_loss,ceded,50,50,0,1.0,all_attempts_successful,False,0.008444170620095974,21916876.161478404,21967537.854287714,35544946.519557655,44147085.540340684,7.638529929291128,6.754889589278417,11.557521295802424,9.810754766057947,12.678928196821888,9.164647960411632,-12.886873085713521,-11.004363441543436,-1.6885705075312842,16.77586458319753,27.934330726216725,31.432935777892684,0.05869610753315406,0.8658339158799053,3.7763048456713886,16.77586458319753,27.934330726216725,31.432935777892684,5474646.016007173,1.7930712212300164,1.2960769439989053
long_emerging_break,long,emerging,True,none,regularized_poisson,ceded,50,50,0,1.0,all_attempts_successful,False,3.2281459402198562,383559868.4003471,356900379.75422657,383559868.4003471,444676481.8764637,119.20571841102044,105.27276075128208,119.20571841102044,105.27276075128208,71.90975201010019,71.90975201010019,0.433230241092704,26.27513505653711,66.03619350770337,150.57107869214025,260.8973756426195,323.8743736424871,0.433230241092704,26.27513505653711,66.03619350770337,150.57107869214025,260.8973756426195,323.8743736424871,32140952.60603225,10.169574655956962,10.169574655956962
long_emerging_no_break,long,emerging,False,none,chain_ladder,ceded,50,0,50,0.0,not_available_no_successful_fits,False,0.016770805259984586,,,,,,,,,,,,,,,,,,,,,,,,,
long_emerging_no_break,long,emerging,False,none,expected_loss,ceded,50,50,0,1.0,all_attempts_successful,False,0.010569594199951097,21630489.246930685,21900195.55229032,38868300.72857995,47304622.22184724,5.759576694051429,5.009607558683003,9.489885353018943,8.085765678489626,10.44690868495084,7.147851306332048,-11.062675893308954,-9.714015432086269,-2.203785451785788,12.78943914833898,23.194040160269804,25.093334765280048,0.07756357212314334,1.4408327679418902,3.5519442866184785,12.78943914833898,23.194040160269804,25.093334765280048,6009939.417824475,1.4774159947130752,1.0108588259241027
long_emerging_no_break,long,emerging,False,none,regularized_poisson,ceded,50,50,0,1.0,all_attempts_successful,False,3.408603242760055,101358375.97613037,85883661.40571448,167583432.16788426,216058922.77176753,24.06843031557126,20.642502626339343,39.58659946256034,28.900016520542483,46.31329595543939,33.71872603110228,-50.0038851438616,-38.346924509787925,-12.686054488617971,49.372509837412146,89.14469229686695,164.81191338900396,1.9423886644173365,5.540685790205145,16.42277466180692,50.49778014988062,89.14469229686695,164.81191338900396,27258377.378743578,6.54968912583814,4.768547965912757
long_shock_break,long,shock,True,none,chain_ladder,ceded,50,8,42,0.16,conditional_on_successful_fits,True,0.031276724500039516,550923332.6442096,347904687.4518427,550923332.6442096,771312424.9470384,136.18689468830132,86.03593336459858,136.18689468830132,86.03593336459858,140.0690824100934,140.0690824100934,16.82074975340249,20.323076139130492,32.60016908411442,184.86120050494,362.6130250820229,411.2739084502326,16.82074975340249,20.323076139130492,32.60016908411442,184.86120050494,362.6130250820229,411.2739084502326,204033028.9879131,49.52189900337719,49.52189900337719
long_shock_break,long,shock,True,none,expected_loss,ceded,50,50,0,1.0,all_attempts_successful,False,0.008482927800141624,22774812.31584498,22355642.6110771,39382440.245252594,48334731.45823671,6.4505348769705915,5.4589922120917285,10.320734352298166,8.58228804672232,11.37244022215998,7.9435245931524,-12.018702969370754,-10.701567309053377,-2.3572862141448514,13.263394923353362,25.434945234378183,27.23101633557647,0.3313869545556514,1.2470576131971556,3.775984308638163,13.263394923353362,25.434945234378183,27.23101633557647,6090397.576107741,1.6083059199455938,1.1233840212680346
long_shock_break,long,shock,True,none,regularized_poisson,ceded,50,50,0,1.0,all_attempts_successful,False,3.3723195067400047,382535938.2402603,371803091.96575963,383369265.7036664,438846484.70146626,96.27443155431949,88.48073268860767,96.50452810391613,88.48073268860767,55.37865473593646,54.96846701725609,-5.752413739915866,28.294073730668977,53.335644203338234,121.47961486006466,214.43029008916358,237.55013896869397,5.752413739915866,28.294073730668977,53.335644203338234,121.47961486006466,214.43029008916358,237.55013896869397,30723418.27332225,7.831724459353836,7.773715155866171
long_shock_no_break,long,shock,False,none,chain_ladder,ceded,50,0,50,0.0,not_available_no_successful_fits,False,0.018336109680003532,,,,,,,,,,,,,,,,,,,,,,,,,
long_shock_no_break,long,shock,False,none,expected_loss,ceded,50,50,0,1.0,all_attempts_successful,False,0.008638614160045108,23062239.057484493,22662232.682221115,43186515.86071288,52385752.87689038,5.019568869015678,4.256741845057336,8.580187778594057,7.8320613409327295,9.502585321033258,6.394321024949015,-10.767334741585753,-9.110883552737503,-2.1821285932561976,11.067751681075345,20.57212239252343,23.394861598545287,0.426132651970683,1.2236939656563637,3.717055673742188,11.215972931839284,20.57212239252343,23.394861598545287,6719451.256345975,1.3438685038612725,0.9042935515650327
long_shock_no_break,long,shock,False,none,regularized_poisson,ceded,50,50,0,1.0,all_attempts_successful,False,3.011479710859967,46349996.7464823,33155914.11595452,142320662.8694907,183791908.70804945,8.976174913683344,6.407160869130728,27.397423448741836,24.30628771939602,35.029025076977774,23.309034123564757,-54.80734152877543,-40.52920738711974,-18.798625263185677,32.208083643564244,66.86493209885109,107.9781419241866,0.6686510644665616,1.2654684983737998,7.722680087207493,38.80942579279681,66.86493209885109,107.9781419241866,25407352.104905263,4.953852234056922,3.296395218336255
long_stable_break,long,stable,True,none,chain_ladder,ceded,50,7,43,0.14,conditional_on_successful_fits,True,0.024738749259995484,296833934.05873686,181311274.9541747,296833934.05873686,380863922.0178439,121.84520075098894,64.82433128845464,121.84520075098894,64.82433128845464,108.32560103630725,108.32560103630725,39.03035866874495,40.101644816426976,49.42885400998013,158.10715870850126,290.9003578759982,333.98968986276014,39.03035866874495,40.101644816426976,49.42885400998013,158.10715870850126,290.9003578759982,333.98968986276014,97422569.84055568,40.94322870909566,40.94322870909566
long_stable_break,long,stable,True,none,expected_loss,ceded,50,50,0,1.0,all_attempts_successful,False,0.008413910680064873,21208974.255752906,21991169.233530074,31578677.142378088,40080444.45693109,9.609257347373317,8.923350812769346,13.493135547022145,11.085524031568566,14.83793666704875,11.340472811759808,-13.737845711932255,-11.377510563925348,-0.4406020561337161,20.30495482568726,35.086673213486094,37.64914358384673,0.011657656513225074,0.40822903742286487,3.5059808702945654,20.30495482568726,35.086673213486094,37.64914358384673,4858448.22560629,2.098401127217338,1.6037850454114067
long_stable_break,long,stable,True,none,regularized_poisson,ceded,50,50,0,1.0,all_attempts_successful,False,2.913912573439902,271926241.63374484,245551295.70187852,271926241.63374484,312238983.85209113,110.52366178415977,99.78402748705827,110.52366178415977,99.78402748705827,63.96066856967355,63.96066856967355,4.224736772912804,26.611954446357945,65.81552756180741,147.29302402169287,229.2678444321666,289.07344201085607,4.224736772912804,26.611954446357945,65.81552756180741,147.29302402169287,229.2678444321666,289.07344201085607,21922545.541497543,9.045404494968288,9.045404494968288
long_stable_no_break,long,stable,False,none,chain_ladder,ceded,50,0,50,0.0,not_available_no_successful_fits,False,0.01705466021998285,,,,,,,,,,,,,,,,,,,,,,,,,
long_stable_no_break,long,stable,False,none,expected_loss,ceded,50,50,0,1.0,all_attempts_successful,False,0.009345049759940594,20007760.458816066,19891920.573889464,33383398.741621103,41482157.6403186,7.125006206259725,6.297487509035918,11.00374900788119,9.03087014205605,12.225960569816595,8.816024997904831,-11.661946932468815,-9.891083471598954,-2.566658694454514,15.415093599231696,27.563699023044535,30.51059155796112,0.5201650089190876,0.8804871923636232,3.66857397829273,15.415093599231696,27.563699023044535,30.51059155796112,5191159.918984091,1.7290119250873321,1.2467742118257248
long_stable_no_break,long,stable,False,none,regularized_poisson,ceded,50,50,0,1.0,all_attempts_successful,False,2.6995483547599908,63523848.80219144,58436425.43659842,112738304.24335627,139759905.17867827,20.377506833051367,20.2505887698266,35.63894822881193,28.457888483959366,40.198089714102885,27.268072872285778,-43.68718696649957,-38.8012625581919,-12.543253221545648,41.591314857158565,75.05453089818494,132.05631228999312,1.9729885951527135,7.802200313832657,15.601168617676008,43.60370577516204,75.05453089818494,132.05631228999312,17784166.156896744,5.684868365517471,3.8562878475764424
short_emerging_no_break,short,emerging,False,none,chain_ladder,ceded,50,50,0,1.0,all_attempts_successful,False,0.04968521146010968,-936385.8332771194,-2904750.440701522,14458745.966842072,19014395.439346284,-1.5830373753034517,-4.033548415918445,20.666275354635363,16.719119339153423,26.908165529566844,17.05272301618038,-50.71278126334305,-45.34510787264609,-18.627498669615406,9.731808301673958,50.31791295275116,60.51656966763797,0.5852989905517378,1.4513279271820605,6.591407919540834,31.0044930136234,51.19619061798227,60.51656966763797,2713046.3918608543,3.8053892630493644,2.4116192164874124
short_emerging_no_break,short,emerging,False,none,expected_loss,ceded,50,50,0,1.0,all_attempts_successful,False,0.009313994240073953,37456948.997843884,37819904.39163755,37456948.997843884,43944540.51073305,56.62678237630269,56.31383293831515,56.62678237630269,56.31383293831515,37.34684826838202,37.34684826838202,0.4383182808496166,6.670154594682337,25.75965958290885,86.25958878835687,121.80883324811772,148.64873557013166,0.4383182808496166,6.670154594682337,25.75965958290885,86.25958878835687,121.80883324811772,148.64873557013166,3282916.860305973,5.281641933303598,5.281641933303598
short_emerging_no_break,short,emerging,False,none,regularized_poisson,ceded,50,50,0,1.0,all_attempts_successful,False,2.583105944919971,1170174.4087008804,-1834046.8388518356,14527832.579565022,18901181.590314437,1.698703817875957,-2.62056178333752,20.370924758574013,17.077828449786153,25.962054029133494,15.922603095971246,-43.15178688555356,-33.60155412676853,-17.284750785536573,14.613910703231255,53.43484479350382,68.08415820361789,0.2829745480423171,2.149764471936013,9.261832132822763,27.522472518757944,53.43484479350382,68.08415820361789,2694989.1422418165,3.671588891506364,2.2517961246606366
short_shock_no_break,short,shock,False,none,chain_ladder,ceded,50,50,0,1.0,all_attempts_successful,False,0.048141672039910155,-3072739.887834138,-5501490.594024248,17853347.301943853,22908382.00228662,-3.641973626518328,-5.818067585344154,19.992746320777236,16.249501627672558,25.08098632150343,15.320681760405755,-54.16541801739254,-40.03337693293603,-17.28502480174508,10.676639232764279,40.62777089314977,62.183590113179456,0.843098058113359,2.3003152917372587,8.137562097551408,25.43987628651705,51.4950417402634,62.183590113179456,3243052.9693686264,3.5469871013564234,2.166671593036792
short_shock_no_break,short,shock,False,none,expected_loss,ceded,50,50,0,1.0,all_attempts_successful,False,0.011398683000043092,37558821.975744955,39386588.21855628,37750431.13649455,44896002.51542281,44.67434903490267,44.24825854620666,44.8696053940665,44.24825854620666,31.201992655954605,30.9147780569005,-2.703563581880529,0.2962409054263493,20.282324237267638,68.44077051290694,98.3847419788081,113.61821327942585,1.0551495451921455,2.2879708016353844,20.282324237267638,68.44077051290694,98.3847419788081,113.61821327942585,3513780.2588280328,4.412628118711671,4.372009840582284
short_shock_no_break,short,shock,False,none,regularized_poisson,ceded,50,50,0,1.0,all_attempts_successful,False,2.4834421652399397,-1642027.9434327027,-3069076.1181612834,14488484.39064101,18115389.926562205,-1.7092845247194037,-3.7551832022848775,16.009741622866144,14.079449719936346,19.57660289455319,11.166108526301509,-47.68956143676999,-32.31824478069732,-15.047038658848987,12.35364403698067,32.10547719141621,40.82774047309044,1.03345357975455,1.4248441176094866,7.898021559279237,21.343499909355735,37.25776246045509,47.68956143676999,2577259.6442669276,2.768549731866951,1.5791262116825446
short_stable_no_break,short,stable,False,none,chain_ladder,ceded,50,50,0,1.0,all_attempts_successful,False,0.05092391472006051,1708544.0622981905,-74190.99801521748,12415813.169458173,16787300.83912479,2.959760301751084,-0.10414121153611514,22.529075259628275,15.745653046864948,30.12333957012183,19.960885836482777,-51.49907385280744,-44.85553220455718,-17.279434719994363,13.18492880971521,61.08115596070664,68.7678113261022,0.334588102626083,0.7877397790915611,7.250682992660256,32.23500885297422,61.08115596070664,68.7678113261022,2385732.8769612038,4.2600835364036405,2.8228955466934966
short_stable_no_break,short,stable,False,none,expected_loss,ceded,50,50,0,1.0,all_attempts_successful,False,0.00859845392002171,37190672.88002245,35755670.94211784,37190672.88002245,43010988.82872311,71.27840229217402,68.93184962537563,71.27840229217402,68.93184962537563,45.42855597336829,45.42855597336829,5.5151616003298916,12.899083497173539,31.085922385975234,106.73538625551885,146.21715021757115,192.18030654572624,5.5151616003298916,12.899083497173539,31.085922385975234,106.73538625551885,146.21715021757115,192.18030654572624,3086504.5639988696,6.424567997656271,6.424567997656271
short_stable_no_break,short,stable,False,none,regularized_poisson,ceded,50,50,0,1.0,all_attempts_successful,False,2.4749802757799806,3623856.87553941,3530103.44175528,10541738.369693121,13192980.51539839,8.60982362635468,6.125058162762934,19.759507094973454,15.787298072019848,24.072571931366465,16.02262072004431,-36.036359352990736,-28.414433230540247,-6.890793638791058,21.44827478669633,45.63026468878761,70.85030540070656,1.030225189254931,2.1454991667679506,6.479644320709543,28.210602460065232,45.63026468878761,70.85030540070656,1812217.0221057811,3.4043757706540343,2.2659407527046826
long_emerging_break,long,emerging,True,none,chain_ladder,gross,50,50,0,1.0,all_attempts_successful,False,0.06736697282000019,412703694.5154707,403608587.89805305,412703694.5154707,419136007.4604766,61.22323360876472,62.10313341408397,61.22323360876472,62.10313341408397,9.972387770115128,9.972387770115128,38.801684396776,45.39814000352828,53.99612108110053,67.229001333754,77.65278371952928,81.1952095576782,38.801684396776,45.39814000352828,53.99612108110053,67.229001333754,77.65278371952928,81.1952095576782,10449737.115324141,1.4103086033740402,1.4103086033740402
long_emerging_break,long,emerging,True,none,expected_loss,gross,50,50,0,1.0,all_attempts_successful,False,0.008460225699927833,68445000.15170331,75370062.54224241,93722173.51917389,112731991.9072622,11.02957703123399,11.132766037800604,14.505552325594927,11.662111551048884,14.329710887642056,10.71306293300005,-11.746429485589397,-8.612073162561279,-1.9568131362616354,19.385671468645388,33.157458549579815,50.71558667919621,0.17701681649783121,1.568571612680654,6.704122297024918,19.385671468645388,33.157458549579815,50.71558667919621,12796510.967090387,2.0265271482188796,1.5150558894405157
long_emerging_break,long,emerging,True,none,regularized_poisson,gross,50,50,0,1.0,all_attempts_successful,False,3.8617303303401243,291662407.0221685,274291661.4059725,291662407.0221685,307189021.22647053,43.359985449352834,42.47294631618461,43.359985449352834,42.47294631618461,14.307196917825456,14.307196917825456,17.550837214363554,22.914002998291423,32.739265927963466,53.79370183813557,64.45636489706258,77.1759327224662,17.550837214363554,22.914002998291423,32.739265927963466,53.79370183813557,64.45636489706258,77.1759327224662,13775262.575453542,2.0233431920731304,2.0233431920731304
long_emerging_no_break,long,emerging,False,none,chain_ladder,gross,50,50,0,1.0,all_attempts_successful,False,0.06400560217996822,-47820536.64111809,-44314440.13058412,54900954.294988744,66806964.971316434,-5.4528994950676335,-5.0896514489797235,6.250311941014591,5.495633322192029,5.310993348433216,4.322488758201068,-17.041066657109216,-14.244885393071213,-9.233208383967261,-1.4959336199482605,2.9121971392634984,5.788608829179071,0.4554527800543341,0.7198146232160554,2.584515523314964,9.233208383967261,14.244885393071211,17.041066657109216,6664506.724300652,0.7510878823027551,0.6112922225053188
long_emerging_no_break,long,emerging,False,none,expected_loss,gross,50,50,0,1.0,all_attempts_successful,False,0.011101028960001712,62678659.439475976,64571655.956692934,98668140.28150257,117185510.43418084,7.853546416016386,7.9656723014544575,11.663391457047329,8.738951830766533,12.040853219716862,8.313131630861525,-13.662418372564199,-8.639649556238384,-3.0455852953900657,15.39920022620879,25.73575349784642,40.16166511771405,0.782102234781616,2.1610092633679705,5.77046600024347,15.39920022620879,25.73575349784642,40.16166511771405,14144898.48658194,1.7028337925867334,1.1756543498157135
long_emerging_no_break,long,emerging,False,none,regularized_poisson,gross,50,50,0,1.0,all_attempts_successful,False,3.658933601440076,-86624472.29221828,-81084209.20073032,91678277.0618451,109157571.5574884,-9.742493629144429,-9.672882018648611,10.341586257071492,9.75649835658347,7.372289742306697,6.486360786303984,-23.90201708581409,-22.027945438336225,-15.378339768736943,-4.548919185332279,1.1792863497259138,9.128353943208564,0.5114623142137404,1.6342549835561997,4.917710511935316,15.378339768736943,22.027945438336225,23.90201708581409,9488528.227654595,1.0425992139314182,0.9173099394436107
long_shock_break,long,shock,True,none,chain_ladder,gross,50,50,0,1.0,all_attempts_successful,False,0.06539520260006608,439362683.82098943,430522858.9954437,439362683.82098943,447039821.42238235,57.9171048518242,58.38819240009464,57.9171048518242,58.38819240009464,9.951335121579302,9.951335121579302,34.942709398181044,42.131905163289595,50.686387589316695,63.87762464374839,74.3305950181352,78.03360443735802,34.942709398181044,42.131905163289595,50.686387589316695,63.87762464374839,74.3305950181352,78.03360443735802,11784661.42740757,1.407331309265716,1.407331309265716
long_shock_break,long,shock,True,none,expected_loss,gross,50,50,0,1.0,all_attempts_successful,False,0.008510914700091235,68987593.83525774,77356601.44658244,99732272.26376213,119201379.18698247,9.958489122514779,10.16047104025253,13.706466377165814,11.238491953682072,13.785957432740958,9.977313804861529,-12.132932399067904,-9.266591010960461,-2.749840726246964,18.78176224758099,30.671379096125968,48.129282017590306,0.37203387683640565,2.0302118718782016,6.3807844401062095,18.78176224758099,30.671379096125968,48.129282017590306,13887066.87775906,1.9496287971680437,1.4110052498887482
long_shock_break,long,shock,True,none,regularized_poisson,gross,50,50,0,1.0,all_attempts_successful,False,3.643033054439984,406616079.4346119,402769789.57943034,406616079.4346119,421926335.4716458,53.720745697573,53.120409268987146,53.720745697573,53.120409268987146,14.772858922819156,14.772858922819156,25.04471561303461,32.05096637400527,41.69890789803831,64.69702013534804,73.04441545600352,90.81954096209624,25.04471561303461,32.05096637400527,41.69890789803831,64.69702013534804,73.04441545600352,90.81954096209624,16089796.81113518,2.089197744367524,2.089197744367524
long_shock_no_break,long,shock,False,none,chain_ladder,gross,50,50,0,1.0,all_attempts_successful,False,0.06776397498004368,-75015914.48234148,-73677108.15562463,78026864.45360914,91501245.99593152,-7.605204559649182,-7.518523485634049,7.903759331063283,7.518523485634049,5.3039645919157765,4.838106014900613,-19.516064020744373,-16.20308868569603,-11.399089329510806,-3.7237174816065783,0.8366113437790501,3.743210508544472,0.3066856636862693,0.8157354018920022,3.776644732431362,11.399089329510806,16.203088685696027,19.516064020744373,7484801.734434651,0.7500938660233969,0.6842115142471294
long_shock_no_break,long,shock,False,none,expected_loss,gross,50,50,0,1.0,all_attempts_successful,False,0.008796853180174367,63905776.36440754,72349214.83745658,105805159.93343964,125054287.2638777,7.165853902591005,7.68362622082385,11.098094737026477,8.468407581467464,11.592351683876505,7.8165653878109005,-12.710086745358742,-9.082067016101862,-3.373200906251118,14.769956417819856,24.14053136941252,38.284838660106495,0.36843949923660085,2.3829906550417888,5.49784993641746,14.769956417819856,24.14053136941252,38.284838660106495,15356064.088581687,1.6394060971136737,1.1054292782618287
long_shock_no_break,long,shock,False,none,regularized_poisson,gross,50,50,0,1.0,all_attempts_successful,False,3.8928830408998327,-30621033.485120192,-27560548.628557503,60398479.06403174,78554526.94407615,-3.040100486187876,-2.987736041683158,6.062115719784584,5.21029451840974,7.215652467216021,4.898697419863341,-20.17294780883754,-16.199766572293004,-6.919814809694778,1.6164331331685315,7.520536111675698,14.616279402227134,0.1075554168217301,0.6675023602021841,2.076197928063335,7.666855836398431,16.199766572293,20.17294780883754,10334374.986492582,1.020447358050778,0.6927804329132824
long_stable_break,long,stable,True,none,chain_ladder,gross,50,50,0,1.0,all_attempts_successful,False,0.06661268097994247,402128176.09744626,394453579.94384474,402128176.09744626,407544097.7805996,68.175419543447,69.29741846557695,68.175419543447,69.29741846557695,10.17606258268998,10.17606258268998,45.61514038045728,52.10404669549892,61.033770751897436,74.21101932830211,84.78688482713498,88.32270826603448,45.61514038045728,52.10404669549892,61.033770751897436,74.21101932830211,84.78688482713498,88.32270826603448,9460035.8375558,1.4391125715997555,1.4391125715997555
long_stable_break,long,stable,True,none,expected_loss,gross,50,50,0,1.0,all_attempts_successful,False,0.00854689194002276,67400489.77977438,73100308.83459663,87549064.50151646,106229560.23944959,12.322198650819287,12.333380441087678,15.502598515188877,12.333380441087678,15.057426112140217,11.680158405377965,-11.414142286805275,-8.312026227741327,-0.9245560064704886,20.70199485119773,36.1262202483375,54.436340324200756,0.2010017680739608,1.4947797677353263,6.816661401185435,20.70199485119773,36.1262202483375,54.436340324200756,11729861.984080598,2.1294416222219477,1.651823842755162
long_stable_break,long,stable,True,none,regularized_poisson,gross,50,50,0,1.0,all_attempts_successful,False,3.3666581609601054,338462362.9371132,331058051.23875403,338462362.9371132,349479126.79663116,57.755131485498005,56.61582901819651,57.755131485498005,56.61582901819651,15.83634734304915,15.83634734304915,29.643327328496927,33.912895569884334,44.878901198949364,67.99286559464063,84.57337797550693,100.2048703754087,29.643327328496927,33.912895569884334,44.878901198949364,67.99286559464063,84.57337797550693,100.2048703754087,12436687.778062658,2.2395977190991236,2.2395977190991236
long_stable_no_break,long,stable,False,none,chain_ladder,gross,50,50,0,1.0,all_attempts_successful,False,0.06706989270001937,4517946.343307926,7667597.553148091,34786653.55224286,41908681.52860954,0.5876682377782351,1.0099190449194575,4.586765991811609,3.844790232194419,5.526200670413804,3.069774914759703,-11.272712014712862,-8.83972850660891,-3.2215248668296246,4.725144011597505,9.325473172054634,12.146493041937648,0.0559156831860182,0.3992457215070013,2.560255030685746,6.256571047705389,9.792874465423692,12.146493041937648,5952063.179088867,0.7815227936494491,0.4341317317885883
long_stable_no_break,long,stable,False,none,expected_loss,gross,50,50,0,1.0,all_attempts_successful,False,0.009400047320050363,60872714.053992555,63437339.74470192,90335762.88309753,108326399.81075983,8.811374983781347,8.311306121299516,12.456116773136085,9.6888904034953,12.720553596362969,9.094835839067207,-14.346108902929036,-8.034212325934314,-1.8404047030752984,16.924502546594205,27.968977087605875,43.19695068922792,0.28192773678152383,1.32444964574437,6.458318148637903,16.924502546594205,27.968977087605875,43.19695068922792,12800766.542466251,1.7989579416870358,1.2862040191165731
long_stable_no_break,long,stable,False,none,regularized_poisson,gross,50,50,0,1.0,all_attempts_successful,False,3.016267577880062,16325833.28145979,29279195.984791994,61605567.60567914,71438183.35946876,2.394007059637368,3.7287642811078747,8.233083421981753,8.087825899005562,9.430555835395614,5.061285920483493,-14.061073247547831,-11.867367625066695,-5.4364770774694,8.583271852410494,16.223840721549426,24.86426972948261,0.4698625054957981,0.9112250793397654,4.360966802349633,11.619016095869144,16.223840721549426,24.86426972948261,9935384.311422193,1.333681996313321,0.715773919179575
short_emerging_no_break,short,emerging,False,none,chain_ladder,gross,50,50,0,1.0,all_attempts_successful,False,0.04593827734004659,-2264012.1419637636,-2000151.6680620238,11152931.886859657,13335761.495626923,-1.3333621051364495,-1.7392409360225618,8.62434150915102,7.442131308484512,10.243057665312106,5.553121365792754,-22.911836373412804,-17.643514025202126,-8.461714980384077,6.286147769889214,14.349648550780863,21.149098493246708,0.57484578914502,1.4777988759118064,5.609493638562339,11.0844553105362,19.634428052328023,22.911836373412804,1877453.6799051831,1.448587107045407,0.7853299549007918
short_emerging_no_break,short,emerging,False,none,expected_loss,gross,50,50,0,1.0,all_attempts_successful,False,0.009565656019949529,109603608.35892546,104144857.29143578,109885264.57584195,124283025.70566508,90.48049312757574,86.54915586187028,90.65276347656956,86.54915586187028,54.957728295306346,54.6672771956239,-4.306758724845657,21.111710700697508,44.72899419358809,125.35559349170549,189.51726335707855,223.31710841753542,4.306758724845657,21.111710700697508,44.72899419358809,125.35559349170549,189.51726335707855,223.31710841753542,8370647.834459204,7.772196471243783,7.731120482806074
short_emerging_no_break,short,emerging,False,none,regularized_poisson,gross,50,50,0,1.0,all_attempts_successful,False,2.970659597400099,910809.09027466,1415364.3569787517,16998639.592004467,20547017.706008926,1.327623343491362,1.1315946001659454,13.414934448403462,12.541329298884305,16.329418527675696,9.209524171170138,-25.01502291316723,-22.46146039164001,-11.388055178376705,12.59726864468728,29.33874287469262,31.90363673945964,0.0942739761733689,0.8736721992983243,4.941381689180145,19.830329904898825,29.33874287469262,31.90363673945964,2932402.9410042814,2.3093285147505465,1.3024233985871645
short_shock_no_break,short,shock,False,none,chain_ladder,gross,50,50,0,1.0,all_attempts_successful,False,0.04805734380006465,-5491325.998054118,-5026863.2002367005,12840174.583839823,15629763.439856233,-3.402954594949494,-3.9080074176053285,8.789383689839214,8.219155083119144,10.073345653490996,5.870166803047433,-24.900742507377142,-19.46001461524269,-10.266071403045437,4.129971091466949,11.890787230436082,18.195158369145865,0.0592200146146449,1.066907276779139,3.991287424928341,12.07626094698427,19.460014615242688,24.900742507377142,2090478.1406437661,1.4245862041639035,0.8301669506261993
short_shock_no_break,short,shock,False,none,expected_loss,gross,50,50,0,1.0,all_attempts_successful,False,0.010640660960016248,110235977.52915995,105290660.79427156,110840982.4438335,126383355.35513444,81.54016477655723,77.56062213443839,81.8701185929672,77.56062213443839,51.77146233609032,51.23735064932321,-8.248845410248817,15.488776070728129,40.25377832803673,113.79385012156455,172.96756282917917,209.37139081363085,8.248845410248817,15.488776070728129,40.25377832803673,113.79385012156455,172.96756282917917,209.37139081363085,8830353.22867194,7.3215904179586815,7.246055618833879
short_shock_no_break,short,shock,False,none,regularized_poisson,gross,50,50,0,1.0,all_attempts_successful,False,2.8142469427199286,2368556.338747815,4987936.226658031,17291606.062708113,20157741.46900192,2.1799720221966656,3.5740445729065353,12.172741214902533,12.42035860219484,14.256702849431806,7.543422188442874,-23.823306694246693,-19.641651228954718,-9.138712080372656,13.345210842921283,23.387858784093105,28.41082603381744,0.0321361972722473,1.9081409019800677,6.0239090269386555,17.318788416727315,23.737311699891503,28.41082603381744,2859729.1223274446,2.0162022524389607,1.0668009965602046
short_stable_no_break,short,stable,False,none,chain_ladder,gross,50,50,0,1.0,all_attempts_successful,False,0.04856374047993082,653669.629987389,638423.4865088165,10038848.83240073,11941197.615300776,0.9990849751336218,0.6230873159598519,8.704243749050601,8.163524712050542,10.431722014773145,5.703446796588376,-20.78493462118061,-15.553323292015419,-6.433307581791879,8.639714321373463,17.036650548983037,24.36299629495262,0.295563492823612,0.6111332348510513,4.338833632434722,12.428123566315028,18.91430127258273,24.36299629495262,1703327.574655437,1.475268275219817,0.8065891812008664
short_stable_no_break,short,stable,False,none,expected_loss,gross,50,50,0,1.0,all_attempts_successful,False,0.008822277980070794,108432939.37706585,102848662.45414509,108457636.76729101,121960189.31947677,99.05947047989463,95.27456015148206,99.07626350120692,95.27456015148206,58.04642024752567,58.01716730344701,-0.4198255328073693,26.49076494380609,49.92684670759851,133.94523741556043,205.54717700007689,238.6498258414676,0.4198255328073693,26.49076494380609,49.92684670759851,133.94523741556043,205.54717700007689,238.6498258414676,7975198.080698122,8.209003476125902,8.204866485100364
short_stable_no_break,short,stable,False,none,regularized_poisson,gross,50,50,0,1.0,all_attempts_successful,False,2.89734324030007,3027857.6597854197,1127895.6293000132,13185433.532182377,16591356.77502559,4.181078255831779,0.9226092855993462,11.824109037983623,11.381191914808557,14.508969016869344,9.256648969027856,-27.80002370849804,-17.50795646880393,-3.9170689096184828,13.01735475021341,26.003916050712785,34.63532167594943,0.0311968455008419,0.26025113309093395,3.3530934637051626,17.25738538436046,27.210431151986782,34.63532167594943,2330390.164531298,2.0518780759707655,1.309087851412612
