scenario_id,model,basis,history_window_years,scheduled_fits,successful_fits,conditional_mpe_pct,conditional_mape_pct
short_stable_no_break,chain_ladder,gross,15.0,50.0,50.0,0.9990849751336282,8.704243749050589
short_stable_no_break,inflation_adjusted_chain_ladder,gross,15.0,50.0,50.0,1.077745891341214,8.806144632258269
short_stable_no_break,cashflow_uplift,gross,15.0,50.0,50.0,0.9990849751336282,8.704243749050589
short_stable_no_break,regularized_poisson,gross,15.0,50.0,50.0,4.181077425333861,11.824110423023253
short_stable_no_break,regularized_poisson_break_interaction,gross,15.0,50.0,50.0,4.181078188871541,11.824108779033422
short_stable_no_break,regularized_tweedie,gross,15.0,50.0,50.0,4.335211898094645,12.984374173678656
short_stable_no_break,chain_ladder,gross,10.0,50.0,50.0,0.73993403086339,8.390423579574149
short_stable_no_break,inflation_adjusted_chain_ladder,gross,10.0,50.0,50.0,0.7255819770382124,8.2966681822777
short_stable_no_break,cashflow_uplift,gross,10.0,50.0,50.0,0.73993403086339,8.390423579574149
short_stable_no_break,regularized_poisson,gross,10.0,50.0,50.0,3.610903151719144,11.724534094810176
short_stable_no_break,regularized_poisson_break_interaction,gross,10.0,50.0,50.0,3.6109018599001934,11.724532971556858
short_stable_no_break,regularized_tweedie,gross,10.0,50.0,50.0,3.206184529530452,12.818392248686564
short_stable_no_break,chain_ladder,gross,7.0,50.0,50.0,0.3171131040001132,9.880327208955197
short_stable_no_break,inflation_adjusted_chain_ladder,gross,7.0,50.0,50.0,0.1892791815887282,9.934183979271326
short_stable_no_break,cashflow_uplift,gross,7.0,50.0,50.0,0.3171131040001132,9.880327208955197
short_stable_no_break,regularized_poisson,gross,7.0,50.0,0.0,,
short_stable_no_break,regularized_poisson_break_interaction,gross,7.0,50.0,0.0,,
short_stable_no_break,regularized_tweedie,gross,7.0,50.0,0.0,,
short_stable_no_break,chain_ladder,gross,5.0,50.0,0.0,,
short_stable_no_break,inflation_adjusted_chain_ladder,gross,5.0,50.0,0.0,,
short_stable_no_break,cashflow_uplift,gross,5.0,50.0,0.0,,
short_stable_no_break,regularized_poisson,gross,5.0,50.0,0.0,,
short_stable_no_break,regularized_poisson_break_interaction,gross,5.0,50.0,0.0,,
short_stable_no_break,regularized_tweedie,gross,5.0,50.0,0.0,,
short_stable_no_break,chain_ladder,ceded,15.0,50.0,50.0,2.9597603017510936,22.52907525962828
short_stable_no_break,inflation_adjusted_chain_ladder,ceded,15.0,50.0,50.0,3.193135832780889,22.753330317147242
short_stable_no_break,cashflow_uplift,ceded,15.0,50.0,50.0,2.959760301751093,22.52907525962828
short_stable_no_break,regularized_poisson,ceded,15.0,50.0,50.0,8.609823613718815,19.759507104152302
short_stable_no_break,regularized_poisson_break_interaction,ceded,15.0,50.0,50.0,8.609823227085883,19.759506701942875
short_stable_no_break,regularized_tweedie,ceded,15.0,50.0,50.0,10.247438449905951,23.823656460110513
short_stable_no_break,chain_ladder,ceded,10.0,50.0,50.0,3.418293022020023,24.038643897099767
short_stable_no_break,inflation_adjusted_chain_ladder,ceded,10.0,50.0,50.0,3.4461522989897957,24.019270954795903
short_stable_no_break,cashflow_uplift,ceded,10.0,50.0,50.0,3.418293022020023,24.038643897099767
short_stable_no_break,regularized_poisson,ceded,10.0,50.0,50.0,7.786396761721713,18.6549581511478
short_stable_no_break,regularized_poisson_break_interaction,ceded,10.0,50.0,50.0,7.786396768435019,18.65495815778397
short_stable_no_break,regularized_tweedie,ceded,10.0,50.0,50.0,6.202877707158048,21.173781600940792
short_stable_no_break,chain_ladder,ceded,7.0,50.0,50.0,4.125998234641997,26.70356608806688
short_stable_no_break,inflation_adjusted_chain_ladder,ceded,7.0,50.0,50.0,3.9958250956720587,26.80028892552537
short_stable_no_break,cashflow_uplift,ceded,7.0,50.0,50.0,4.125998234641997,26.70356608806688
short_stable_no_break,regularized_poisson,ceded,7.0,50.0,0.0,,
short_stable_no_break,regularized_poisson_break_interaction,ceded,7.0,50.0,0.0,,
short_stable_no_break,regularized_tweedie,ceded,7.0,50.0,0.0,,
short_stable_no_break,chain_ladder,ceded,5.0,50.0,0.0,,
short_stable_no_break,inflation_adjusted_chain_ladder,ceded,5.0,50.0,0.0,,
short_stable_no_break,cashflow_uplift,ceded,5.0,50.0,0.0,,
short_stable_no_break,regularized_poisson,ceded,5.0,50.0,0.0,,
short_stable_no_break,regularized_poisson_break_interaction,ceded,5.0,50.0,0.0,,
short_stable_no_break,regularized_tweedie,ceded,5.0,50.0,0.0,,
short_emerging_no_break,chain_ladder,gross,15.0,50.0,50.0,-1.3333621051364353,8.624341509151018
short_emerging_no_break,inflation_adjusted_chain_ladder,gross,15.0,50.0,50.0,1.0966380684737913,8.859363323278071
short_emerging_no_break,cashflow_uplift,gross,15.0,50.0,50.0,1.5720045543821124,8.870810646878272
short_emerging_no_break,regularized_poisson,gross,15.0,50.0,50.0,1.3276198486947828,13.414933073702468
short_emerging_no_break,regularized_poisson_break_interaction,gross,15.0,50.0,50.0,1.3276196157109275,13.414934900176542
short_emerging_no_break,regularized_tweedie,gross,15.0,50.0,50.0,0.8975548711091506,14.780852816465035
short_emerging_no_break,chain_ladder,gross,10.0,50.0,50.0,-0.9986493668406351,8.464252746294548
short_emerging_no_break,inflation_adjusted_chain_ladder,gross,10.0,50.0,50.0,0.7458591949268377,8.343670655545955
short_emerging_no_break,cashflow_uplift,gross,10.0,50.0,50.0,1.9213786861991857,8.58706909533216
short_emerging_no_break,regularized_poisson,gross,10.0,50.0,50.0,0.766701229847046,12.783370989184384
short_emerging_no_break,regularized_poisson_break_interaction,gross,10.0,50.0,50.0,0.7667015804294343,12.783371685272446
short_emerging_no_break,regularized_tweedie,gross,10.0,50.0,50.0,-0.13120994031231262,13.855288058191066
short_emerging_no_break,chain_ladder,gross,7.0,50.0,50.0,-0.4599032645275933,9.855888680561094
short_emerging_no_break,inflation_adjusted_chain_ladder,gross,7.0,50.0,50.0,0.20523069835096464,10.00038501614846
short_emerging_no_break,cashflow_uplift,gross,7.0,50.0,50.0,2.477567047317789,10.431829920953907
short_emerging_no_break,regularized_poisson,gross,7.0,50.0,0.0,,
short_emerging_no_break,regularized_poisson_break_interaction,gross,7.0,50.0,0.0,,
short_emerging_no_break,regularized_tweedie,gross,7.0,50.0,0.0,,
short_emerging_no_break,chain_ladder,gross,5.0,50.0,0.0,,
short_emerging_no_break,inflation_adjusted_chain_ladder,gross,5.0,50.0,0.0,,
short_emerging_no_break,cashflow_uplift,gross,5.0,50.0,0.0,,
short_emerging_no_break,regularized_poisson,gross,5.0,50.0,0.0,,
short_emerging_no_break,regularized_poisson_break_interaction,gross,5.0,50.0,0.0,,
short_emerging_no_break,regularized_tweedie,gross,5.0,50.0,0.0,,
short_emerging_no_break,chain_ladder,ceded,15.0,50.0,50.0,-1.5830373753034486,20.666275354635363
short_emerging_no_break,inflation_adjusted_chain_ladder,ceded,15.0,50.0,50.0,0.6227243931925238,20.914821504561537
short_emerging_no_break,cashflow_uplift,ceded,15.0,50.0,50.0,1.5804578619879248,20.80513290759801
short_emerging_no_break,regularized_poisson,ceded,15.0,50.0,50.0,1.69870382366809,20.370924755569856
short_emerging_no_break,regularized_poisson_break_interaction,ceded,15.0,50.0,50.0,1.6987041416885518,20.370925076458022
short_emerging_no_break,regularized_tweedie,ceded,15.0,50.0,50.0,0.6955766953366534,19.84516767596454
short_emerging_no_break,chain_ladder,ceded,10.0,50.0,50.0,-0.35380314706895805,22.209916025310346
short_emerging_no_break,inflation_adjusted_chain_ladder,ceded,10.0,50.0,50.0,1.1776642804175024,22.476883386877955
short_emerging_no_break,cashflow_uplift,ceded,10.0,50.0,50.0,2.8729188027362547,22.81962414784544
short_emerging_no_break,regularized_poisson,ceded,10.0,50.0,50.0,1.7493993472142266,19.3879191740042
short_emerging_no_break,regularized_poisson_break_interaction,ceded,10.0,50.0,50.0,1.7493995302818655,19.38791859917123
short_emerging_no_break,regularized_tweedie,ceded,10.0,50.0,50.0,-0.16715817164867075,19.468798818515523
short_emerging_no_break,chain_ladder,ceded,7.0,50.0,50.0,1.3857495243400655,24.45659071127691
short_emerging_no_break,inflation_adjusted_chain_ladder,ceded,7.0,50.0,50.0,1.8889810860141734,24.897648601548266
short_emerging_no_break,cashflow_uplift,ceded,7.0,50.0,50.0,4.673444400309156,25.23373967485231
short_emerging_no_break,regularized_poisson,ceded,7.0,50.0,0.0,,
short_emerging_no_break,regularized_poisson_break_interaction,ceded,7.0,50.0,0.0,,
short_emerging_no_break,regularized_tweedie,ceded,7.0,50.0,0.0,,
short_emerging_no_break,chain_ladder,ceded,5.0,50.0,0.0,,
short_emerging_no_break,inflation_adjusted_chain_ladder,ceded,5.0,50.0,0.0,,
short_emerging_no_break,cashflow_uplift,ceded,5.0,50.0,0.0,,
short_emerging_no_break,regularized_poisson,ceded,5.0,50.0,0.0,,
short_emerging_no_break,regularized_poisson_break_interaction,ceded,5.0,50.0,0.0,,
short_emerging_no_break,regularized_tweedie,ceded,5.0,50.0,0.0,,
short_shock_no_break,chain_ladder,gross,15.0,50.0,50.0,-3.4029545949494895,8.78938368983922
short_shock_no_break,inflation_adjusted_chain_ladder,gross,15.0,50.0,50.0,1.101395424669758,8.871846536474564
short_shock_no_break,cashflow_uplift,gross,15.0,50.0,50.0,1.7051263280076063,8.925499968541107
short_shock_no_break,regularized_poisson,gross,15.0,50.0,50.0,2.1799726459205333,12.172738798237509
short_shock_no_break,regularized_poisson_break_interaction,gross,15.0,50.0,50.0,2.179978250361495,12.172740658934813
short_shock_no_break,regularized_tweedie,gross,15.0,50.0,50.0,2.6974929788244584,13.948839022728482
short_shock_no_break,chain_ladder,gross,10.0,50.0,50.0,-2.4262387906665523,8.65949783256332
short_shock_no_break,inflation_adjusted_chain_ladder,gross,10.0,50.0,50.0,0.7511220609512645,8.354730438707541
short_shock_no_break,cashflow_uplift,gross,10.0,50.0,50.0,2.74410354662332,8.809100647766499
short_shock_no_break,regularized_poisson,gross,10.0,50.0,50.0,2.3596104726184994,11.00524504464965
short_shock_no_break,regularized_poisson_break_interaction,gross,10.0,50.0,50.0,2.359609298354435,11.00524717472045
short_shock_no_break,regularized_tweedie,gross,10.0,50.0,50.0,2.2696417645856712,13.202063270041704
short_shock_no_break,chain_ladder,gross,7.0,50.0,50.0,-0.8160635737255433,9.894023422186542
short_shock_no_break,inflation_adjusted_chain_ladder,gross,7.0,50.0,50.0,0.2096961520767669,10.016481892240504
short_shock_no_break,cashflow_uplift,gross,7.0,50.0,50.0,4.45121492579543,11.099879282310392
short_shock_no_break,regularized_poisson,gross,7.0,50.0,0.0,,
short_shock_no_break,regularized_poisson_break_interaction,gross,7.0,50.0,0.0,,
short_shock_no_break,regularized_tweedie,gross,7.0,50.0,0.0,,
short_shock_no_break,chain_ladder,gross,5.0,50.0,0.0,,
short_shock_no_break,inflation_adjusted_chain_ladder,gross,5.0,50.0,0.0,,
short_shock_no_break,cashflow_uplift,gross,5.0,50.0,0.0,,
short_shock_no_break,regularized_poisson,gross,5.0,50.0,0.0,,
short_shock_no_break,regularized_poisson_break_interaction,gross,5.0,50.0,0.0,,
short_shock_no_break,regularized_tweedie,gross,5.0,50.0,0.0,,
short_shock_no_break,chain_ladder,ceded,15.0,50.0,50.0,-3.6419736265183342,19.992746320777236
short_shock_no_break,inflation_adjusted_chain_ladder,ceded,15.0,50.0,50.0,-0.5076142538442591,19.803176220748515
short_shock_no_break,cashflow_uplift,ceded,15.0,50.0,50.0,1.831842330325756,20.024225722916686
short_shock_no_break,regularized_poisson,ceded,15.0,50.0,50.0,-1.7092845070600986,16.009741622204032
short_shock_no_break,regularized_poisson_break_interaction,ceded,15.0,50.0,50.0,-1.7092844810392065,16.009741615577937
short_shock_no_break,regularized_tweedie,ceded,15.0,50.0,50.0,-2.144673196306415,18.227178466586334
short_shock_no_break,chain_ladder,ceded,10.0,50.0,50.0,-1.5561737684092674,21.589645621003896
short_shock_no_break,inflation_adjusted_chain_ladder,ceded,10.0,50.0,50.0,0.27247394619521503,21.47080387591053
short_shock_no_break,cashflow_uplift,ceded,10.0,50.0,50.0,4.072823069125283,22.315153843853665
short_shock_no_break,regularized_poisson,ceded,10.0,50.0,50.0,-0.3538904356154792,15.118691878088061
short_shock_no_break,regularized_poisson_break_interaction,ceded,10.0,50.0,50.0,-0.35389016196646117,15.118691586176256
short_shock_no_break,regularized_tweedie,ceded,10.0,50.0,50.0,-1.1896853895165802,16.490194371977122
short_shock_no_break,chain_ladder,ceded,7.0,50.0,50.0,1.4814810166316528,23.86450667384054
short_shock_no_break,inflation_adjusted_chain_ladder,ceded,7.0,50.0,50.0,1.154669146081463,24.036407347499292
short_shock_no_break,cashflow_uplift,ceded,7.0,50.0,50.0,7.304074694798488,25.26467788731062
short_shock_no_break,regularized_poisson,ceded,7.0,50.0,0.0,,
short_shock_no_break,regularized_poisson_break_interaction,ceded,7.0,50.0,0.0,,
short_shock_no_break,regularized_tweedie,ceded,7.0,50.0,0.0,,
short_shock_no_break,chain_ladder,ceded,5.0,50.0,0.0,,
short_shock_no_break,inflation_adjusted_chain_ladder,ceded,5.0,50.0,0.0,,
short_shock_no_break,cashflow_uplift,ceded,5.0,50.0,0.0,,
short_shock_no_break,regularized_poisson,ceded,5.0,50.0,0.0,,
short_shock_no_break,regularized_poisson_break_interaction,ceded,5.0,50.0,0.0,,
short_shock_no_break,regularized_tweedie,ceded,5.0,50.0,0.0,,
long_stable_no_break,chain_ladder,gross,15.0,50.0,50.0,0.253826637503934,5.237803703613991
long_stable_no_break,inflation_adjusted_chain_ladder,gross,15.0,50.0,50.0,0.4447558387332859,5.439041073360536
long_stable_no_break,cashflow_uplift,gross,15.0,50.0,50.0,0.2538266375039315,5.2378037036139915
long_stable_no_break,regularized_poisson,gross,15.0,50.0,50.0,2.9341149221857092,10.963249864557325
long_stable_no_break,regularized_poisson_break_interaction,gross,15.0,50.0,50.0,2.934117003739004,10.963247871164219
long_stable_no_break,regularized_tweedie,gross,15.0,50.0,50.0,2.1548115289627328,10.7937541710842
long_stable_no_break,chain_ladder,gross,10.0,50.0,0.0,,
long_stable_no_break,inflation_adjusted_chain_ladder,gross,10.0,50.0,0.0,,
long_stable_no_break,cashflow_uplift,gross,10.0,50.0,0.0,,
long_stable_no_break,regularized_poisson,gross,10.0,50.0,50.0,46.97116138661162,46.97116138661162
long_stable_no_break,regularized_poisson_break_interaction,gross,10.0,50.0,50.0,46.97116022876289,46.97116022876289
long_stable_no_break,regularized_tweedie,gross,10.0,50.0,50.0,47.308961217206125,47.308961217206125
long_stable_no_break,chain_ladder,gross,7.0,50.0,0.0,,
long_stable_no_break,inflation_adjusted_chain_ladder,gross,7.0,50.0,0.0,,
long_stable_no_break,cashflow_uplift,gross,7.0,50.0,0.0,,
long_stable_no_break,regularized_poisson,gross,7.0,50.0,0.0,,
long_stable_no_break,regularized_poisson_break_interaction,gross,7.0,50.0,0.0,,
long_stable_no_break,regularized_tweedie,gross,7.0,50.0,0.0,,
long_stable_no_break,chain_ladder,gross,5.0,50.0,0.0,,
long_stable_no_break,inflation_adjusted_chain_ladder,gross,5.0,50.0,0.0,,
long_stable_no_break,cashflow_uplift,gross,5.0,50.0,0.0,,
long_stable_no_break,regularized_poisson,gross,5.0,50.0,0.0,,
long_stable_no_break,regularized_poisson_break_interaction,gross,5.0,50.0,0.0,,
long_stable_no_break,regularized_tweedie,gross,5.0,50.0,0.0,,
long_stable_no_break,chain_ladder,ceded,15.0,50.0,0.0,,
long_stable_no_break,inflation_adjusted_chain_ladder,ceded,15.0,50.0,0.0,,
long_stable_no_break,cashflow_uplift,ceded,15.0,50.0,0.0,,
long_stable_no_break,regularized_poisson,ceded,15.0,50.0,50.0,15.032990999146653,37.53070548243112
long_stable_no_break,regularized_poisson_break_interaction,ceded,15.0,50.0,50.0,15.03299099695916,37.53070547943436
long_stable_no_break,regularized_tweedie,ceded,15.0,50.0,50.0,7.566297216588204,37.60783029865865
long_stable_no_break,chain_ladder,ceded,10.0,50.0,0.0,,
long_stable_no_break,inflation_adjusted_chain_ladder,ceded,10.0,50.0,0.0,,
long_stable_no_break,cashflow_uplift,ceded,10.0,50.0,0.0,,
long_stable_no_break,regularized_poisson,ceded,10.0,50.0,50.0,141.00855818216291,150.33037266482125
long_stable_no_break,regularized_poisson_break_interaction,ceded,10.0,50.0,50.0,141.00855818993557,150.33037267020222
long_stable_no_break,regularized_tweedie,ceded,10.0,50.0,50.0,134.36108254701045,150.9592459510497
long_stable_no_break,chain_ladder,ceded,7.0,50.0,0.0,,
long_stable_no_break,inflation_adjusted_chain_ladder,ceded,7.0,50.0,0.0,,
long_stable_no_break,cashflow_uplift,ceded,7.0,50.0,0.0,,
long_stable_no_break,regularized_poisson,ceded,7.0,50.0,0.0,,
long_stable_no_break,regularized_poisson_break_interaction,ceded,7.0,50.0,0.0,,
long_stable_no_break,regularized_tweedie,ceded,7.0,50.0,0.0,,
long_stable_no_break,chain_ladder,ceded,5.0,50.0,0.0,,
long_stable_no_break,inflation_adjusted_chain_ladder,ceded,5.0,50.0,0.0,,
long_stable_no_break,cashflow_uplift,ceded,5.0,50.0,0.0,,
long_stable_no_break,regularized_poisson,ceded,5.0,50.0,0.0,,
long_stable_no_break,regularized_poisson_break_interaction,ceded,5.0,50.0,0.0,,
long_stable_no_break,regularized_tweedie,ceded,5.0,50.0,0.0,,
long_emerging_no_break,chain_ladder,gross,15.0,50.0,50.0,-5.737815339920794,6.95127121210148
long_emerging_no_break,inflation_adjusted_chain_ladder,gross,15.0,50.0,50.0,0.48499504697836576,5.591919127731094
long_emerging_no_break,cashflow_uplift,gross,15.0,50.0,50.0,2.6700797024192924,5.800232088614755
long_emerging_no_break,regularized_poisson,gross,15.0,50.0,50.0,-10.767614071965603,11.476109782408077
long_emerging_no_break,regularized_poisson_break_interaction,gross,15.0,50.0,50.0,-10.76756002389539,11.476105004856356
long_emerging_no_break,regularized_tweedie,gross,15.0,50.0,50.0,-11.925087226161587,12.338058876509972
long_emerging_no_break,chain_ladder,gross,10.0,50.0,0.0,,
long_emerging_no_break,inflation_adjusted_chain_ladder,gross,10.0,50.0,0.0,,
long_emerging_no_break,cashflow_uplift,gross,10.0,50.0,0.0,,
long_emerging_no_break,regularized_poisson,gross,10.0,50.0,50.0,44.466729297934926,44.77576829319603
long_emerging_no_break,regularized_poisson_break_interaction,gross,10.0,50.0,50.0,44.4668454862587,44.775884399370895
long_emerging_no_break,regularized_tweedie,gross,10.0,50.0,50.0,41.018319306961736,41.83821939244747
long_emerging_no_break,chain_ladder,gross,7.0,50.0,0.0,,
long_emerging_no_break,inflation_adjusted_chain_ladder,gross,7.0,50.0,0.0,,
long_emerging_no_break,cashflow_uplift,gross,7.0,50.0,0.0,,
long_emerging_no_break,regularized_poisson,gross,7.0,50.0,0.0,,
long_emerging_no_break,regularized_poisson_break_interaction,gross,7.0,50.0,0.0,,
long_emerging_no_break,regularized_tweedie,gross,7.0,50.0,0.0,,
long_emerging_no_break,chain_ladder,gross,5.0,50.0,0.0,,
long_emerging_no_break,inflation_adjusted_chain_ladder,gross,5.0,50.0,0.0,,
long_emerging_no_break,cashflow_uplift,gross,5.0,50.0,0.0,,
long_emerging_no_break,regularized_poisson,gross,5.0,50.0,0.0,,
long_emerging_no_break,regularized_poisson_break_interaction,gross,5.0,50.0,0.0,,
long_emerging_no_break,regularized_tweedie,gross,5.0,50.0,0.0,,
long_emerging_no_break,chain_ladder,ceded,15.0,50.0,0.0,,
long_emerging_no_break,inflation_adjusted_chain_ladder,ceded,15.0,50.0,0.0,,
long_emerging_no_break,cashflow_uplift,ceded,15.0,50.0,0.0,,
long_emerging_no_break,regularized_poisson,ceded,15.0,50.0,50.0,19.29447244663039,41.16566928289797
long_emerging_no_break,regularized_poisson_break_interaction,ceded,15.0,50.0,50.0,19.294472432484827,41.16566925948883
long_emerging_no_break,regularized_tweedie,ceded,15.0,50.0,50.0,2.6294547150823173,37.96660980948806
long_emerging_no_break,chain_ladder,ceded,10.0,50.0,0.0,,
long_emerging_no_break,inflation_adjusted_chain_ladder,ceded,10.0,50.0,0.0,,
long_emerging_no_break,cashflow_uplift,ceded,10.0,50.0,0.0,,
long_emerging_no_break,regularized_poisson,ceded,10.0,50.0,50.0,179.29777410937314,189.33445564283957
long_emerging_no_break,regularized_poisson_break_interaction,ceded,10.0,50.0,50.0,179.29777410774597,189.33445564085088
long_emerging_no_break,regularized_tweedie,ceded,10.0,50.0,50.0,98.82153332996074,115.11160439807708
long_emerging_no_break,chain_ladder,ceded,7.0,50.0,0.0,,
long_emerging_no_break,inflation_adjusted_chain_ladder,ceded,7.0,50.0,0.0,,
long_emerging_no_break,cashflow_uplift,ceded,7.0,50.0,0.0,,
long_emerging_no_break,regularized_poisson,ceded,7.0,50.0,0.0,,
long_emerging_no_break,regularized_poisson_break_interaction,ceded,7.0,50.0,0.0,,
long_emerging_no_break,regularized_tweedie,ceded,7.0,50.0,0.0,,
long_emerging_no_break,chain_ladder,ceded,5.0,50.0,0.0,,
long_emerging_no_break,inflation_adjusted_chain_ladder,ceded,5.0,50.0,0.0,,
long_emerging_no_break,cashflow_uplift,ceded,5.0,50.0,0.0,,
long_emerging_no_break,regularized_poisson,ceded,5.0,50.0,0.0,,
long_emerging_no_break,regularized_poisson_break_interaction,ceded,5.0,50.0,0.0,,
long_emerging_no_break,regularized_tweedie,ceded,5.0,50.0,0.0,,
long_shock_no_break,chain_ladder,gross,15.0,50.0,50.0,-6.832686052437773,7.755962444696208
long_shock_no_break,inflation_adjusted_chain_ladder,gross,15.0,50.0,50.0,0.4859789600933868,5.597453738270656
long_shock_no_break,cashflow_uplift,gross,15.0,50.0,50.0,4.331421885101545,6.49238064213984
long_shock_no_break,regularized_poisson,gross,15.0,50.0,50.0,-3.3523222729770272,7.2081072689899885
long_shock_no_break,regularized_poisson_break_interaction,gross,15.0,50.0,50.0,-3.352304065128558,7.208082307078004
long_shock_no_break,regularized_tweedie,gross,15.0,50.0,50.0,-2.385127055229716,7.295915972277753
long_shock_no_break,chain_ladder,gross,10.0,50.0,0.0,,
long_shock_no_break,inflation_adjusted_chain_ladder,gross,10.0,50.0,0.0,,
long_shock_no_break,cashflow_uplift,gross,10.0,50.0,0.0,,
long_shock_no_break,regularized_poisson,gross,10.0,50.0,50.0,48.8390190997808,48.8390190997808
long_shock_no_break,regularized_poisson_break_interaction,gross,10.0,50.0,50.0,48.83899893549846,48.83899893549846
long_shock_no_break,regularized_tweedie,gross,10.0,50.0,50.0,47.49774402505866,47.49774402505866
long_shock_no_break,chain_ladder,gross,7.0,50.0,0.0,,
long_shock_no_break,inflation_adjusted_chain_ladder,gross,7.0,50.0,0.0,,
long_shock_no_break,cashflow_uplift,gross,7.0,50.0,0.0,,
long_shock_no_break,regularized_poisson,gross,7.0,50.0,0.0,,
long_shock_no_break,regularized_poisson_break_interaction,gross,7.0,50.0,0.0,,
long_shock_no_break,regularized_tweedie,gross,7.0,50.0,0.0,,
long_shock_no_break,chain_ladder,gross,5.0,50.0,0.0,,
long_shock_no_break,inflation_adjusted_chain_ladder,gross,5.0,50.0,0.0,,
long_shock_no_break,cashflow_uplift,gross,5.0,50.0,0.0,,
long_shock_no_break,regularized_poisson,gross,5.0,50.0,0.0,,
long_shock_no_break,regularized_poisson_break_interaction,gross,5.0,50.0,0.0,,
long_shock_no_break,regularized_tweedie,gross,5.0,50.0,0.0,,
long_shock_no_break,chain_ladder,ceded,15.0,50.0,0.0,,
long_shock_no_break,inflation_adjusted_chain_ladder,ceded,15.0,50.0,0.0,,
long_shock_no_break,cashflow_uplift,ceded,15.0,50.0,0.0,,
long_shock_no_break,regularized_poisson,ceded,15.0,50.0,50.0,3.1594030733093432,30.08763183838745
long_shock_no_break,regularized_poisson_break_interaction,ceded,15.0,50.0,50.0,3.1594030879519837,30.087631866272346
long_shock_no_break,regularized_tweedie,ceded,15.0,50.0,50.0,-13.911449170326142,34.21631505685834
long_shock_no_break,chain_ladder,ceded,10.0,50.0,0.0,,
long_shock_no_break,inflation_adjusted_chain_ladder,ceded,10.0,50.0,0.0,,
long_shock_no_break,cashflow_uplift,ceded,10.0,50.0,0.0,,
long_shock_no_break,regularized_poisson,ceded,10.0,50.0,50.0,38.572157332662265,58.30513352214355
long_shock_no_break,regularized_poisson_break_interaction,ceded,10.0,50.0,50.0,38.572157332187764,58.30513352167067
long_shock_no_break,regularized_tweedie,ceded,10.0,50.0,50.0,-11.711110102902957,25.23846539700017
long_shock_no_break,chain_ladder,ceded,7.0,50.0,0.0,,
long_shock_no_break,inflation_adjusted_chain_ladder,ceded,7.0,50.0,0.0,,
long_shock_no_break,cashflow_uplift,ceded,7.0,50.0,0.0,,
long_shock_no_break,regularized_poisson,ceded,7.0,50.0,0.0,,
long_shock_no_break,regularized_poisson_break_interaction,ceded,7.0,50.0,0.0,,
long_shock_no_break,regularized_tweedie,ceded,7.0,50.0,0.0,,
long_shock_no_break,chain_ladder,ceded,5.0,50.0,0.0,,
long_shock_no_break,inflation_adjusted_chain_ladder,ceded,5.0,50.0,0.0,,
long_shock_no_break,cashflow_uplift,ceded,5.0,50.0,0.0,,
long_shock_no_break,regularized_poisson,ceded,5.0,50.0,0.0,,
long_shock_no_break,regularized_poisson_break_interaction,ceded,5.0,50.0,0.0,,
long_shock_no_break,regularized_tweedie,ceded,5.0,50.0,0.0,,
long_stable_break,chain_ladder,gross,15.0,50.0,50.0,67.20071811638957,67.20071811638957
long_stable_break,inflation_adjusted_chain_ladder,gross,15.0,50.0,50.0,70.50361753064011,70.50361753064011
long_stable_break,cashflow_uplift,gross,15.0,50.0,50.0,67.20071811638957,67.20071811638957
long_stable_break,regularized_poisson,gross,15.0,50.0,50.0,55.23737064135223,55.23737064135223
long_stable_break,regularized_poisson_break_interaction,gross,15.0,50.0,50.0,44.788126344832136,44.788126344832136
long_stable_break,regularized_tweedie,gross,15.0,50.0,50.0,53.01396130653904,53.01396130653904
long_stable_break,chain_ladder,gross,10.0,50.0,0.0,,
long_stable_break,inflation_adjusted_chain_ladder,gross,10.0,50.0,0.0,,
long_stable_break,cashflow_uplift,gross,10.0,50.0,0.0,,
long_stable_break,regularized_poisson,gross,10.0,50.0,50.0,111.1171520415051,111.1171520415051
long_stable_break,regularized_poisson_break_interaction,gross,10.0,50.0,50.0,134.6577509257723,134.6577509257723
long_stable_break,regularized_tweedie,gross,10.0,50.0,50.0,105.99072477657806,105.99072477657806
long_stable_break,chain_ladder,gross,7.0,50.0,0.0,,
long_stable_break,inflation_adjusted_chain_ladder,gross,7.0,50.0,0.0,,
long_stable_break,cashflow_uplift,gross,7.0,50.0,0.0,,
long_stable_break,regularized_poisson,gross,7.0,50.0,0.0,,
long_stable_break,regularized_poisson_break_interaction,gross,7.0,50.0,0.0,,
long_stable_break,regularized_tweedie,gross,7.0,50.0,0.0,,
long_stable_break,chain_ladder,gross,5.0,50.0,0.0,,
long_stable_break,inflation_adjusted_chain_ladder,gross,5.0,50.0,0.0,,
long_stable_break,cashflow_uplift,gross,5.0,50.0,0.0,,
long_stable_break,regularized_poisson,gross,5.0,50.0,0.0,,
long_stable_break,regularized_poisson_break_interaction,gross,5.0,50.0,0.0,,
long_stable_break,regularized_tweedie,gross,5.0,50.0,0.0,,
long_stable_break,chain_ladder,ceded,15.0,50.0,7.0,115.95727389079036,117.14098270874779
long_stable_break,inflation_adjusted_chain_ladder,ceded,15.0,50.0,7.0,127.47171661930442,129.05995035239206
long_stable_break,cashflow_uplift,ceded,15.0,50.0,7.0,115.95727389079036,117.14098270874779
long_stable_break,regularized_poisson,ceded,15.0,50.0,50.0,103.9105071579463,105.27706166838912
long_stable_break,regularized_poisson_break_interaction,ceded,15.0,50.0,50.0,56.40946666518384,61.70701165376582
long_stable_break,regularized_tweedie,ceded,15.0,50.0,50.0,95.19692542177046,97.5694718683089
long_stable_break,chain_ladder,ceded,10.0,50.0,0.0,,
long_stable_break,inflation_adjusted_chain_ladder,ceded,10.0,50.0,0.0,,
long_stable_break,cashflow_uplift,ceded,10.0,50.0,0.0,,
long_stable_break,regularized_poisson,ceded,10.0,50.0,50.0,488.456291197798,488.456291197798
long_stable_break,regularized_poisson_break_interaction,ceded,10.0,50.0,50.0,363.84249396967397,363.84249396967397
long_stable_break,regularized_tweedie,ceded,10.0,50.0,50.0,437.4068484945017,437.4068484945017
long_stable_break,chain_ladder,ceded,7.0,50.0,0.0,,
long_stable_break,inflation_adjusted_chain_ladder,ceded,7.0,50.0,0.0,,
long_stable_break,cashflow_uplift,ceded,7.0,50.0,0.0,,
long_stable_break,regularized_poisson,ceded,7.0,50.0,0.0,,
long_stable_break,regularized_poisson_break_interaction,ceded,7.0,50.0,0.0,,
long_stable_break,regularized_tweedie,ceded,7.0,50.0,0.0,,
long_stable_break,chain_ladder,ceded,5.0,50.0,0.0,,
long_stable_break,inflation_adjusted_chain_ladder,ceded,5.0,50.0,0.0,,
long_stable_break,cashflow_uplift,ceded,5.0,50.0,0.0,,
long_stable_break,regularized_poisson,ceded,5.0,50.0,0.0,,
long_stable_break,regularized_poisson_break_interaction,ceded,5.0,50.0,0.0,,
long_stable_break,regularized_tweedie,ceded,5.0,50.0,0.0,,
long_emerging_break,chain_ladder,gross,15.0,50.0,50.0,60.75991261101765,60.75991261101765
long_emerging_break,inflation_adjusted_chain_ladder,gross,15.0,50.0,50.0,74.65437634945339,74.65437634945339
long_emerging_break,cashflow_uplift,gross,15.0,50.0,50.0,75.24475492661249,75.24475492661249
long_emerging_break,regularized_poisson,gross,15.0,50.0,50.0,39.50040305402834,39.50040305402834
long_emerging_break,regularized_poisson_break_interaction,gross,15.0,50.0,50.0,41.09853215841322,41.09853215841322
long_emerging_break,regularized_tweedie,gross,15.0,50.0,50.0,31.588746224798705,31.602285611299738
long_emerging_break,chain_ladder,gross,10.0,50.0,0.0,,
long_emerging_break,inflation_adjusted_chain_ladder,gross,10.0,50.0,0.0,,
long_emerging_break,cashflow_uplift,gross,10.0,50.0,0.0,,
long_emerging_break,regularized_poisson,gross,10.0,50.0,50.0,83.79334390730925,83.79334390730925
long_emerging_break,regularized_poisson_break_interaction,gross,10.0,50.0,50.0,138.80627875121647,138.80627875121647
long_emerging_break,regularized_tweedie,gross,10.0,50.0,50.0,68.44151134674658,68.44151134674658
long_emerging_break,chain_ladder,gross,7.0,50.0,0.0,,
long_emerging_break,inflation_adjusted_chain_ladder,gross,7.0,50.0,0.0,,
long_emerging_break,cashflow_uplift,gross,7.0,50.0,0.0,,
long_emerging_break,regularized_poisson,gross,7.0,50.0,0.0,,
long_emerging_break,regularized_poisson_break_interaction,gross,7.0,50.0,0.0,,
long_emerging_break,regularized_tweedie,gross,7.0,50.0,0.0,,
long_emerging_break,chain_ladder,gross,5.0,50.0,0.0,,
long_emerging_break,inflation_adjusted_chain_ladder,gross,5.0,50.0,0.0,,
long_emerging_break,cashflow_uplift,gross,5.0,50.0,0.0,,
long_emerging_break,regularized_poisson,gross,5.0,50.0,0.0,,
long_emerging_break,regularized_poisson_break_interaction,gross,5.0,50.0,0.0,,
long_emerging_break,regularized_tweedie,gross,5.0,50.0,0.0,,
long_emerging_break,chain_ladder,ceded,15.0,50.0,7.0,94.9432740039039,98.9584881139513
long_emerging_break,inflation_adjusted_chain_ladder,ceded,15.0,50.0,7.0,117.42742427991915,120.56752549063364
long_emerging_break,cashflow_uplift,ceded,15.0,50.0,7.0,117.31033458185291,118.89590772193323
long_emerging_break,regularized_poisson,ceded,15.0,50.0,50.0,113.1091822216572,114.6745218612154
long_emerging_break,regularized_poisson_break_interaction,ceded,15.0,50.0,50.0,73.97187768463331,80.07783178226873
long_emerging_break,regularized_tweedie,ceded,15.0,50.0,50.0,96.3435575480777,99.57680133723599
long_emerging_break,chain_ladder,ceded,10.0,50.0,0.0,,
long_emerging_break,inflation_adjusted_chain_ladder,ceded,10.0,50.0,0.0,,
long_emerging_break,cashflow_uplift,ceded,10.0,50.0,0.0,,
long_emerging_break,regularized_poisson,ceded,10.0,50.0,50.0,615.9381266195736,615.9381266195736
long_emerging_break,regularized_poisson_break_interaction,ceded,10.0,50.0,50.0,384.45581258377473,384.45581258377473
long_emerging_break,regularized_tweedie,ceded,10.0,50.0,50.0,448.5576600823559,448.9811436809468
long_emerging_break,chain_ladder,ceded,7.0,50.0,0.0,,
long_emerging_break,inflation_adjusted_chain_ladder,ceded,7.0,50.0,0.0,,
long_emerging_break,cashflow_uplift,ceded,7.0,50.0,0.0,,
long_emerging_break,regularized_poisson,ceded,7.0,50.0,0.0,,
long_emerging_break,regularized_poisson_break_interaction,ceded,7.0,50.0,0.0,,
long_emerging_break,regularized_tweedie,ceded,7.0,50.0,0.0,,
long_emerging_break,chain_ladder,ceded,5.0,50.0,0.0,,
long_emerging_break,inflation_adjusted_chain_ladder,ceded,5.0,50.0,0.0,,
long_emerging_break,cashflow_uplift,ceded,5.0,50.0,0.0,,
long_emerging_break,regularized_poisson,ceded,5.0,50.0,0.0,,
long_emerging_break,regularized_poisson_break_interaction,ceded,5.0,50.0,0.0,,
long_emerging_break,regularized_tweedie,ceded,5.0,50.0,0.0,,
long_shock_break,chain_ladder,gross,15.0,50.0,50.0,59.073251032810404,59.073251032810404
long_shock_break,inflation_adjusted_chain_ladder,gross,15.0,50.0,50.0,74.7942926381295,74.7942926381295
long_shock_break,cashflow_uplift,gross,15.0,50.0,50.0,78.28590921865947,78.28590921865947
long_shock_break,regularized_poisson,gross,15.0,50.0,50.0,51.06136467097352,51.06136467097352
long_shock_break,regularized_poisson_break_interaction,gross,15.0,50.0,50.0,41.98710373383187,41.98710373383187
long_shock_break,regularized_tweedie,gross,15.0,50.0,50.0,48.55386697635975,48.55386697635975
long_shock_break,chain_ladder,gross,10.0,50.0,0.0,,
long_shock_break,inflation_adjusted_chain_ladder,gross,10.0,50.0,0.0,,
long_shock_break,cashflow_uplift,gross,10.0,50.0,0.0,,
long_shock_break,regularized_poisson,gross,10.0,50.0,50.0,105.37736058655122,105.37736058655122
long_shock_break,regularized_poisson_break_interaction,gross,10.0,50.0,50.0,116.85547836909649,116.85547836909649
long_shock_break,regularized_tweedie,gross,10.0,50.0,50.0,100.36126667102327,100.36126667102327
long_shock_break,chain_ladder,gross,7.0,50.0,0.0,,
long_shock_break,inflation_adjusted_chain_ladder,gross,7.0,50.0,0.0,,
long_shock_break,cashflow_uplift,gross,7.0,50.0,0.0,,
long_shock_break,regularized_poisson,gross,7.0,50.0,0.0,,
long_shock_break,regularized_poisson_break_interaction,gross,7.0,50.0,0.0,,
long_shock_break,regularized_tweedie,gross,7.0,50.0,0.0,,
long_shock_break,chain_ladder,gross,5.0,50.0,0.0,,
long_shock_break,inflation_adjusted_chain_ladder,gross,5.0,50.0,0.0,,
long_shock_break,cashflow_uplift,gross,5.0,50.0,0.0,,
long_shock_break,regularized_poisson,gross,5.0,50.0,0.0,,
long_shock_break,regularized_poisson_break_interaction,gross,5.0,50.0,0.0,,
long_shock_break,regularized_tweedie,gross,5.0,50.0,0.0,,
long_shock_break,chain_ladder,ceded,15.0,50.0,8.0,141.52076791159445,145.81705059830762
long_shock_break,inflation_adjusted_chain_ladder,ceded,15.0,50.0,8.0,161.71337232716448,165.58871899157242
long_shock_break,cashflow_uplift,ceded,15.0,50.0,8.0,177.7811211757248,179.3667915157201
long_shock_break,regularized_poisson,ceded,15.0,50.0,50.0,87.2832715812685,88.49514292054911
long_shock_break,regularized_poisson_break_interaction,ceded,15.0,50.0,50.0,45.520190427311945,52.20940034877855
long_shock_break,regularized_tweedie,ceded,15.0,50.0,50.0,69.86149061336135,76.54743973241803
long_shock_break,chain_ladder,ceded,10.0,50.0,0.0,,
long_shock_break,inflation_adjusted_chain_ladder,ceded,10.0,50.0,0.0,,
long_shock_break,cashflow_uplift,ceded,10.0,50.0,0.0,,
long_shock_break,regularized_poisson,ceded,10.0,50.0,50.0,230.60074028666423,230.60074028666423
long_shock_break,regularized_poisson_break_interaction,ceded,10.0,50.0,50.0,140.53284207587322,140.53284207587322
long_shock_break,regularized_tweedie,ceded,10.0,50.0,50.0,169.47521820340506,170.45996743920514
long_shock_break,chain_ladder,ceded,7.0,50.0,0.0,,
long_shock_break,inflation_adjusted_chain_ladder,ceded,7.0,50.0,0.0,,
long_shock_break,cashflow_uplift,ceded,7.0,50.0,0.0,,
long_shock_break,regularized_poisson,ceded,7.0,50.0,0.0,,
long_shock_break,regularized_poisson_break_interaction,ceded,7.0,50.0,0.0,,
long_shock_break,regularized_tweedie,ceded,7.0,50.0,0.0,,
long_shock_break,chain_ladder,ceded,5.0,50.0,0.0,,
long_shock_break,inflation_adjusted_chain_ladder,ceded,5.0,50.0,0.0,,
long_shock_break,cashflow_uplift,ceded,5.0,50.0,0.0,,
long_shock_break,regularized_poisson,ceded,5.0,50.0,0.0,,
long_shock_break,regularized_poisson_break_interaction,ceded,5.0,50.0,0.0,,
long_shock_break,regularized_tweedie,ceded,5.0,50.0,0.0,,
