calibration_version,scenario_id,tail_type,inflation_scenario,structural_break_regime,development_year,incremental_ceded_paid,cumulative_ceded_paid,total_ceded_ultimate,incremental_paid_proportion,cumulative_paid_proportion,incremental_gross_paid,cumulative_gross_paid,total_gross_ultimate,gross_incremental_paid_proportion,gross_cumulative_paid_proportion,calibration_simulations,contributing_accident_years,positive_ceded_accident_years,natural_terminal_development_year,calibration_seed_start,calibration_seed_end,split_half_max_abs_cumulative_difference,available,calibration_source
step28_ceded_development_v1,long_emerging_break,long,emerging,post_break,1,461940629.4471524,461940629.4471524,747073679494.3429,0.0006183334283170264,0.0006183334283170264,81705893937.87932,81705893937.87932,2268975883960.837,0.036010031889474936,0.036010031889474936,2000,14000,14000,14,91000001,91002000,0.0020929666337150543,True,regenerated_frozen_step19_simulations
step28_ceded_development_v1,long_emerging_break,long,emerging,post_break,2,19809923468.02707,20271864097.47422,747073679494.3429,0.026516693080976195,0.02713502650929322,330268334499.40045,411974228437.2798,2268975883960.837,0.14555832736435598,0.1815683592538309,2000,14000,14000,14,91000001,91002000,0.0020929666337150543,True,regenerated_frozen_step19_simulations
step28_ceded_development_v1,long_emerging_break,long,emerging,post_break,3,67111980599.94706,87383844697.42128,747073679494.3429,0.08983314824499215,0.11696817475428538,422587807355.4138,834562035792.6936,2268975883960.837,0.1862460550341873,0.3678144142880182,2000,14000,14000,14,91000001,91002000,0.0020929666337150543,True,regenerated_frozen_step19_simulations
step28_ceded_development_v1,long_emerging_break,long,emerging,post_break,4,108005864687.16573,195389709384.587,747073679494.3429,0.14457190455467464,0.26154007930896,400622652431.80145,1235184688224.495,2268975883960.837,0.17656540788457153,0.5443798221725897,2000,14000,14000,14,91000001,91002000,0.0020929666337150543,True,regenerated_frozen_step19_simulations
step28_ceded_development_v1,long_emerging_break,long,emerging,post_break,5,121793892208.45502,317183601593.042,747073679494.3429,0.16302795233114256,0.42456803164010254,323177649373.8476,1558362337598.3428,2268975883960.837,0.14243326765099532,0.6868130898235851,2000,14000,14000,14,91000001,91002000,0.0020929666337150543,True,regenerated_frozen_step19_simulations
step28_ceded_development_v1,long_emerging_break,long,emerging,post_break,6,113191918751.03645,430375520344.0784,747073679494.3429,0.15151372864273635,0.5760817602828389,239249023587.55295,1797611361185.8958,2268975883960.837,0.10544361677829206,0.7922567066018772,2000,14000,14000,14,91000001,91002000,0.0020929666337150543,True,regenerated_frozen_step19_simulations
step28_ceded_development_v1,long_emerging_break,long,emerging,post_break,7,97594617097.1057,527970137441.18414,747073679494.3429,0.1306358660141295,0.7067176262969683,167341702819.54095,1964953064005.4368,2268975883960.837,0.07375208524800227,0.8660087918498796,2000,14000,14000,14,91000001,91002000,0.0020929666337150543,True,regenerated_frozen_step19_simulations
step28_ceded_development_v1,long_emerging_break,long,emerging,post_break,8,81439882163.88759,609410019605.0718,747073679494.3429,0.10901184769219845,0.8157294739891668,120730832463.36536,2085683896468.8022,2268975883960.837,0.0532093942984584,0.919218186148338,2000,14000,14000,14,91000001,91002000,0.0020929666337150543,True,regenerated_frozen_step19_simulations
step28_ceded_development_v1,long_emerging_break,long,emerging,post_break,9,62904744463.41675,672314764068.4885,747073679494.3429,0.08420152682395912,0.899931000813126,86218050870.78967,2171901947339.5918,2268975883960.837,0.037998663397110756,0.9572168495454486,2000,14000,14000,14,91000001,91002000,0.0020929666337150543,True,regenerated_frozen_step19_simulations
step28_ceded_development_v1,long_emerging_break,long,emerging,post_break,10,42274823685.7553,714589587754.2438,747073679494.3429,0.05658722137603487,0.9565182221891608,55855210077.86082,2227757157417.4526,2268975883960.837,0.024616925403524868,0.9818337749489735,2000,14000,14000,14,91000001,91002000,0.0020929666337150543,True,regenerated_frozen_step19_simulations
step28_ceded_development_v1,long_emerging_break,long,emerging,post_break,11,19662530408.93153,734252118163.1753,747073679494.3429,0.02631939920871007,0.9828376213978709,25146349213.27421,2252903506630.727,2268975883960.837,0.011082686859314475,0.9929164618082881,2000,14000,14000,14,91000001,91002000,0.0020929666337150543,True,regenerated_frozen_step19_simulations
step28_ceded_development_v1,long_emerging_break,long,emerging,post_break,12,8638366573.31912,742890484736.4944,747073679494.3429,0.011562937914190743,0.9944005593120615,10847165954.364458,2263750672585.0913,2268975883960.837,0.004780644003773679,0.9976971058120617,2000,14000,14000,14,91000001,91002000,0.0020929666337150543,True,regenerated_frozen_step19_simulations
step28_ceded_development_v1,long_emerging_break,long,emerging,post_break,13,3244512785.7740493,746134997522.2684,747073679494.3429,0.004342962247003668,0.9987435215590652,4053842964.3278675,2267804515549.419,2268975883960.837,0.001786639951964266,0.9994837457640259,2000,14000,14000,14,91000001,91002000,0.0020929666337150543,True,regenerated_frozen_step19_simulations
step28_ceded_development_v1,long_emerging_break,long,emerging,post_break,14,938681972.0728177,747073679494.3413,747073679494.3429,0.0012564784409325796,0.9999999999999979,1171368411.42119,2268975883960.8403,2268975883960.837,0.0005162542359755676,1.0000000000000016,2000,14000,14000,14,91000001,91002000,0.0020929666337150543,True,regenerated_frozen_step19_simulations
step28_ceded_development_v1,long_emerging_no_break,long,emerging,no_break,1,136641464.7901646,136641464.7901646,1273888669625.9465,0.00010726327036905571,0.00010726327036905571,74656805008.74658,74656805008.74658,4331489104457.359,0.01723582888201665,0.01723582888201665,2000,30000,30000,14,91000001,91002000,0.0009808884427140452,True,regenerated_frozen_step19_simulations
step28_ceded_development_v1,long_emerging_no_break,long,emerging,no_break,2,11725955087.313528,11862596552.103693,1273888669625.9465,0.009204850758863122,0.009312114029232179,426941388288.95605,501598193297.70264,4331489104457.359,0.09856688496563643,0.11580271384765307,2000,30000,30000,14,91000001,91002000,0.0009808884427140452,True,regenerated_frozen_step19_simulations
step28_ceded_development_v1,long_emerging_no_break,long,emerging,no_break,3,48443737430.83413,60306333982.93782,1273888669625.9465,0.03802823479469263,0.047340348823924815,595340349557.8362,1096938542855.5388,4331489104457.359,0.13744472979170044,0.25324744363935353,2000,30000,30000,14,91000001,91002000,0.0009808884427140452,True,regenerated_frozen_step19_simulations
step28_ceded_development_v1,long_emerging_no_break,long,emerging,no_break,4,87127632563.73648,147433966546.67432,1273888669625.9465,0.06839501334863106,0.11573536217255588,591571730992.706,1688510273848.2449,4331489104457.359,0.13657467829803466,0.3898221219373882,2000,30000,30000,14,91000001,91002000,0.0009808884427140452,True,regenerated_frozen_step19_simulations
step28_ceded_development_v1,long_emerging_no_break,long,emerging,no_break,5,104437226016.49371,251871192563.16803,1273888669625.9465,0.08198300880339861,0.1977183709759545,490177571759.47925,2178687845607.724,4331489104457.359,0.11316606366504708,0.5029881856024353,2000,30000,30000,14,91000001,91002000,0.0009808884427140452,True,regenerated_frozen_step19_simulations
step28_ceded_development_v1,long_emerging_no_break,long,emerging,no_break,6,113803332250.48775,365674524813.65576,1273888669625.9465,0.08933538303932317,0.28705375401527766,406391502024.67303,2585079347632.397,4331489104457.359,0.09382258438708113,0.5968107699895163,2000,30000,30000,14,91000001,91002000,0.0009808884427140452,True,regenerated_frozen_step19_simulations
step28_ceded_development_v1,long_emerging_no_break,long,emerging,no_break,7,122252831950.15929,487927356763.81506,1273888669625.9465,0.0959682230206636,0.38302197703594126,339939506392.96826,2925018854025.365,4331489104457.359,0.07848097921870573,0.6752917492082221,2000,30000,30000,14,91000001,91002000,0.0009808884427140452,True,regenerated_frozen_step19_simulations
step28_ceded_development_v1,long_emerging_no_break,long,emerging,no_break,8,125982052702.11595,613909409465.931,1273888669625.9465,0.09889565368307124,0.4819176307190125,289176841564.14185,3214195695589.507,4331489104457.359,0.06676153040915231,0.7420532796173743,2000,30000,30000,14,91000001,91002000,0.0009808884427140452,True,regenerated_frozen_step19_simulations
step28_ceded_development_v1,long_emerging_no_break,long,emerging,no_break,9,154458404165.16342,768367813631.0945,1273888669625.9465,0.12124953133503984,0.6031671620540524,302136672421.78705,3516332368011.294,4331489104457.359,0.06975353397769615,0.8118068135950705,2000,30000,30000,14,91000001,91002000,0.0009808884427140452,True,regenerated_frozen_step19_simulations
step28_ceded_development_v1,long_emerging_no_break,long,emerging,no_break,10,262174218743.85843,1030542032374.9529,1273888669625.9465,0.20580622545362692,0.8089733875076793,440174992011.0272,3956507360022.3213,4331489104457.359,0.10162209378711379,0.9134289073821843,2000,30000,30000,14,91000001,91002000,0.0009808884427140452,True,regenerated_frozen_step19_simulations
step28_ceded_development_v1,long_emerging_no_break,long,emerging,no_break,11,132413448528.63312,1162955480903.586,1273888669625.9465,0.1039442862518856,0.9129176737595649,210144067274.26904,4166651427296.5903,4331489104457.359,0.04851543250057315,0.9619443398827574,2000,30000,30000,14,91000001,91002000,0.0009808884427140452,True,regenerated_frozen_step19_simulations
step28_ceded_development_v1,long_emerging_no_break,long,emerging,no_break,12,66632190190.99682,1229587671094.5828,1273888669625.9465,0.052306133008123944,0.9652238067676888,100756652216.36302,4267408079512.953,4331489104457.359,0.023261434990723733,0.9852057748734812,2000,30000,30000,14,91000001,91002000,0.0009808884427140452,True,regenerated_frozen_step19_simulations
step28_ceded_development_v1,long_emerging_no_break,long,emerging,no_break,13,29808198547.339314,1259395869641.922,1273888669625.9465,0.023399374888931172,0.98862318165662,43733748956.33809,4311141828469.291,4331489104457.359,0.010096700673062635,0.9953024755465437,2000,30000,30000,14,91000001,91002000,0.0009808884427140452,True,regenerated_frozen_step19_simulations
step28_ceded_development_v1,long_emerging_no_break,long,emerging,no_break,14,14492799984.02466,1273888669625.9468,1273888669625.9465,0.011376818343380194,1.0000000000000002,20347275988.07379,4331489104457.3647,4331489104457.359,0.004697524453457644,1.0000000000000013,2000,30000,30000,14,91000001,91002000,0.0009808884427140452,True,regenerated_frozen_step19_simulations
step28_ceded_development_v1,long_shock_break,long,shock,post_break,1,504794773.48003066,504794773.48003066,900451747658.6122,0.0005606016921979624,0.0005606016921979624,83757483753.85986,83757483753.85986,2462563879515.2153,0.03401230906154138,0.03401230906154138,2000,14000,14000,14,91000001,91002000,0.0019377627828074395,True,regenerated_frozen_step19_simulations
step28_ceded_development_v1,long_shock_break,long,shock,post_break,2,22334469519.32121,22839264292.80124,900451747658.6122,0.02480362726531002,0.025364228957507978,344696312171.8543,428453795925.7142,2462563879515.2153,0.13997456676726366,0.17398687582880504,2000,14000,14000,14,91000001,91002000,0.0019377627828074395,True,regenerated_frozen_step19_simulations
step28_ceded_development_v1,long_shock_break,long,shock,post_break,3,78254326693.955,101093590986.75624,900451747658.6122,0.08690563030993585,0.11226985926744384,449187494336.47076,877641290262.1849,2462563879515.2153,0.1824064334221042,0.35639330925090923,2000,14000,14000,14,91000001,91002000,0.0019377627828074395,True,regenerated_frozen_step19_simulations
step28_ceded_development_v1,long_shock_break,long,shock,post_break,4,129813973812.90982,230907564799.66608,900451747658.6122,0.1441653860414585,0.2564352453089024,433059005898.0974,1310700296160.2822,2462563879515.2153,0.17585696334640877,0.5322502725973179,2000,14000,14000,14,91000001,91002000,0.0019377627828074395,True,regenerated_frozen_step19_simulations
step28_ceded_development_v1,long_shock_break,long,shock,post_break,5,150243122462.39423,381150687262.0603,900451747658.6122,0.16685305220747468,0.42328829751637703,354810161033.3042,1665510457193.5864,2462563879515.2153,0.14408160697262917,0.6763318795699471,2000,14000,14000,14,91000001,91002000,0.0019377627828074395,True,regenerated_frozen_step19_simulations
step28_ceded_development_v1,long_shock_break,long,shock,post_break,6,141868678500.31238,523019365762.3727,900451747658.6122,0.1575527826662612,0.5808410801826382,266492405776.4811,1932002862970.0676,2462563879515.2153,0.10821745904473482,0.784549338614682,2000,14000,14000,14,91000001,91002000,0.0019377627828074395,True,regenerated_frozen_step19_simulations
step28_ceded_development_v1,long_shock_break,long,shock,post_break,7,120723052717.76308,643742418480.1357,900451747658.6122,0.13406943018509498,0.7149105103677332,187865616717.6558,2119868479687.7234,2462563879515.2153,0.07628862677651202,0.8608379653911941,2000,14000,14000,14,91000001,91002000,0.0019377627828074395,True,regenerated_frozen_step19_simulations
step28_ceded_development_v1,long_shock_break,long,shock,post_break,8,98047892447.45502,741790310927.5908,900451747658.6122,0.10888744755330061,0.8237979579210338,135996454637.37036,2255864934325.0938,2462563879515.2153,0.055225554053096426,0.9160635194442904,2000,14000,14000,14,91000001,91002000,0.0019377627828074395,True,regenerated_frozen_step19_simulations
step28_ceded_development_v1,long_shock_break,long,shock,post_break,9,73610411797.7708,815400722725.3616,900451747658.6122,0.08174831354281371,0.9055462714638476,97228364508.37285,2353093298833.467,2462563879515.2153,0.039482575586024346,0.9555460950303148,2000,14000,14000,14,91000001,91002000,0.0019377627828074395,True,regenerated_frozen_step19_simulations
step28_ceded_development_v1,long_shock_break,long,shock,post_break,10,48587443827.17352,863988166552.5352,900451747658.6122,0.05395896443480996,0.9595052358986575,62988094375.74408,2416081393209.211,2462563879515.2153,0.02557825805036336,0.9811243530806782,2000,14000,14000,14,91000001,91002000,0.0019377627828074395,True,regenerated_frozen_step19_simulations
step28_ceded_development_v1,long_shock_break,long,shock,post_break,11,22246487094.024334,886234653646.5594,900451747658.6122,0.02470591805931908,0.9842111539579766,28357616330.56593,2444439009539.777,2462563879515.2153,0.011515484559185713,0.992639837639864,2000,14000,14000,14,91000001,91002000,0.0019377627828074395,True,regenerated_frozen_step19_simulations
step28_ceded_development_v1,long_shock_break,long,shock,post_break,12,9633646714.507746,895868300361.0671,900451747658.6122,0.010698681788954832,0.9949098357469314,12232382832.155554,2456671392371.9326,2462563879515.2153,0.004967336252233035,0.9976071738920971,2000,14000,14000,14,91000001,91002000,0.0019377627828074395,True,regenerated_frozen_step19_simulations
step28_ceded_development_v1,long_shock_break,long,shock,post_break,13,3564646327.9443736,899432946689.0115,900451747658.6122,0.003958731089381855,0.9988685668363132,4571531337.28414,2461242923709.217,2462563879515.2153,0.0018564112692922709,0.9994635851613893,2000,14000,14000,14,91000001,91002000,0.0019377627828074395,True,regenerated_frozen_step19_simulations
step28_ceded_development_v1,long_shock_break,long,shock,post_break,14,1018800969.5999684,900451747658.6115,900451747658.6122,0.0011314331636859969,0.9999999999999992,1320955805.9939723,2462563879515.211,2462563879515.2153,0.0005364148386087828,0.9999999999999982,2000,14000,14000,14,91000001,91002000,0.0019377627828074395,True,regenerated_frozen_step19_simulations
step28_ceded_development_v1,long_shock_no_break,long,shock,no_break,1,144155126.16280127,144155126.16280127,1482911274096.518,9.721089095544813e-05,9.721089095544813e-05,75682599916.73674,75682599916.73674,4603147293307.802,0.016441489940321147,0.016441489940321147,2000,30000,30000,14,91000001,91002000,0.0008970297985260167,True,regenerated_frozen_step19_simulations
step28_ceded_development_v1,long_shock_no_break,long,shock,no_break,2,12730219566.551249,12874374692.71405,1482911274096.518,0.00858461311133216,0.008681824002287609,437215024534.7216,512897624451.4584,4603147293307.802,0.09498175849605299,0.11142324843637413,2000,30000,30000,14,91000001,91002000,0.0008970297985260167,True,regenerated_frozen_step19_simulations
step28_ceded_development_v1,long_shock_no_break,long,shock,no_break,3,54052516923.25212,66926891615.96617,1482911274096.518,0.036450270402175126,0.04513209440446274,616151287563.358,1129048912014.8164,4603147293307.802,0.13385434970962973,0.24527759814600386,2000,30000,30000,14,91000001,91002000,0.0008970297985260167,True,regenerated_frozen_step19_simulations
step28_ceded_development_v1,long_shock_no_break,long,shock,no_break,4,99348140421.00618,166275032036.97235,1482911274096.518,0.06699533691355557,0.1121274313180183,618409919370.8556,1747458831385.6719,4603147293307.802,0.13434502090991507,0.37962261905591893,2000,30000,30000,14,91000001,91002000,0.0008970297985260167,True,regenerated_frozen_step19_simulations
step28_ceded_development_v1,long_shock_no_break,long,shock,no_break,5,121465025193.5656,287740057230.53796,1482911274096.518,0.08190983999873469,0.194037271316753,517248828834.7069,2264707660220.379,4603147293307.802,0.11236851568636513,0.49199113474228406,2000,30000,30000,14,91000001,91002000,0.0008970297985260167,True,regenerated_frozen_step19_simulations
step28_ceded_development_v1,long_shock_no_break,long,shock,no_break,6,134517298178.21062,422257355408.7486,1482911274096.518,0.09071162956810544,0.28474890088485844,432654095142.51117,2697361755362.89,4603147293307.802,0.09399093002553212,0.5859820647678162,2000,30000,30000,14,91000001,91002000,0.0008970297985260167,True,regenerated_frozen_step19_simulations
step28_ceded_development_v1,long_shock_no_break,long,shock,no_break,7,146583218568.52127,568840573977.2699,1482911274096.518,0.09884827307542651,0.383597173960285,364942444237.19604,3062304199600.086,4603147293307.802,0.07928107031633784,0.665263135084154,2000,30000,30000,14,91000001,91002000,0.0008970297985260167,True,regenerated_frozen_step19_simulations
step28_ceded_development_v1,long_shock_no_break,long,shock,no_break,8,152172165240.12744,721012739217.3973,1482911274096.518,0.1026171746740817,0.4862143486343667,312878225931.7041,3375182425531.79,4603147293307.802,0.0679705006152152,0.7332336356993692,2000,30000,30000,14,91000001,91002000,0.0008970297985260167,True,regenerated_frozen_step19_simulations
step28_ceded_development_v1,long_shock_no_break,long,shock,no_break,9,183806404805.16577,904819144022.5631,1482911274096.518,0.12394969814842907,0.6101640467827958,329290985240.5234,3704473410772.3135,4603147293307.802,0.07153605223957461,0.8047696879389438,2000,30000,30000,14,91000001,91002000,0.0008970297985260167,True,regenerated_frozen_step19_simulations
step28_ceded_development_v1,long_shock_no_break,long,shock,no_break,10,301339892293.2611,1206159036315.8242,1482911274096.518,0.2032083089238472,0.813372355706643,483004989549.989,4187478400322.3027,4603147293307.802,0.10492929267160246,0.9096989806105463,2000,30000,30000,14,91000001,91002000,0.0008970297985260167,True,regenerated_frozen_step19_simulations
step28_ceded_development_v1,long_shock_no_break,long,shock,no_break,11,151227760889.1996,1357386797205.024,1482911274096.518,0.10198031637552757,0.9153526720821706,232059326959.98486,4419537727282.287,4603147293307.802,0.050413187363645716,0.960112167974192,2000,30000,30000,14,91000001,91002000,0.0008970297985260167,True,regenerated_frozen_step19_simulations
step28_ceded_development_v1,long_shock_no_break,long,shock,no_break,12,75638238549.94617,1433025035754.9702,1482911274096.518,0.05100658405610255,0.9663592561382732,111923596390.86438,4531461323673.151,4603147293307.802,0.024314580711675766,0.9844267486858677,2000,30000,30000,14,91000001,91002000,0.0008970297985260167,True,regenerated_frozen_step19_simulations
step28_ceded_development_v1,long_shock_no_break,long,shock,no_break,13,33652507855.3674,1466677543610.3376,1482911274096.518,0.022693541038637396,0.9890527971769106,48843359680.58068,4580304683353.732,4603147293307.802,0.010610861779632963,0.9950376104655008,2000,30000,30000,14,91000001,91002000,0.0008970297985260167,True,regenerated_frozen_step19_simulations
step28_ceded_development_v1,long_shock_no_break,long,shock,no_break,14,16233730486.180965,1482911274096.5186,1482911274096.518,0.010947202823089712,1.0000000000000002,22842609954.062714,4603147293307.795,4603147293307.802,0.004962389534497844,0.9999999999999986,2000,30000,30000,14,91000001,91002000,0.0008970297985260167,True,regenerated_frozen_step19_simulations
step28_ceded_development_v1,long_stable_break,long,stable,post_break,1,420651231.66995025,420651231.66995025,591316726645.0193,0.00071138057273742,0.00071138057273742,79302731417.79869,79302731417.79869,2068607150393.2463,0.03833629377270744,0.03833629377270744,2000,14000,14000,14,91000001,91002000,0.00222894941625984,True,regenerated_frozen_step19_simulations
step28_ceded_development_v1,long_stable_break,long,stable,post_break,2,17642164134.250877,18062815365.920826,591316726645.0193,0.0298353882771895,0.03054676884992692,315986177151.53424,395288908569.33295,2068607150393.2463,0.1527531107544826,0.19108940452719006,2000,14000,14000,14,91000001,91002000,0.00222894941625984,True,regenerated_frozen_step19_simulations
step28_ceded_development_v1,long_stable_break,long,stable,post_break,3,58044301728.93683,76107117094.85765,591316726645.0193,0.09816110235586507,0.128707871205792,397593995088.5119,792882903657.8448,2068607150393.2463,0.19220372268989233,0.38329312721708236,2000,14000,14000,14,91000001,91002000,0.00222894941625984,True,regenerated_frozen_step19_simulations
step28_ceded_development_v1,long_stable_break,long,stable,post_break,4,90325724332.05692,166432841426.91455,591316726645.0193,0.15275354181935982,0.28146141302515176,369835919432.26324,1162718823090.1082,2068607150393.2463,0.17878499518961669,0.5620781224066991,2000,14000,14000,14,91000001,91002000,0.00222894941625984,True,regenerated_frozen_step19_simulations
step28_ceded_development_v1,long_stable_break,long,stable,post_break,5,98568185293.7448,265001026720.65936,591316726645.0193,0.16669270604434888,0.4481541190695007,292724235760.85455,1455443058850.9626,2068607150393.2463,0.1415078912906238,0.7035860136973229,2000,14000,14000,14,91000001,91002000,0.00222894941625984,True,regenerated_frozen_step19_simulations
step28_ceded_development_v1,long_stable_break,long,stable,post_break,6,88506849428.8983,353507876149.5577,591316726645.0193,0.14967756777499538,0.5978316868444961,212625937368.2201,1668068996219.1826,2068607150393.2463,0.10278700686488465,0.8063730205622075,2000,14000,14000,14,91000001,91002000,0.00222894941625984,True,regenerated_frozen_step19_simulations
step28_ceded_development_v1,long_stable_break,long,stable,post_break,7,74095007585.7667,427602883735.32434,591316726645.0193,0.12530511018378074,0.7231367970282768,145916234545.38553,1813985230764.568,2068607150393.2463,0.07053839803156756,0.876911418593775,2000,14000,14000,14,91000001,91002000,0.00222894941625984,True,regenerated_frozen_step19_simulations
step28_ceded_development_v1,long_stable_break,long,stable,post_break,8,60733493604.191315,488336377339.5156,591316726645.0193,0.10270890517299876,0.8258457022012755,103285908284.9416,1917271139049.5098,2068607150393.2463,0.04993017077471996,0.926841589368495,2000,14000,14000,14,91000001,91002000,0.00222894941625984,True,regenerated_frozen_step19_simulations
step28_ceded_development_v1,long_stable_break,long,stable,post_break,9,46795115644.421265,535131492983.9369,591316726645.0193,0.07913714179865138,0.9049828439999269,72367710321.95444,1989638849371.464,2068607150393.2463,0.03498378621972625,0.9618253755882212,2000,14000,14000,14,91000001,91002000,0.00222894941625984,True,regenerated_frozen_step19_simulations
step28_ceded_development_v1,long_stable_break,long,stable,post_break,10,31643978978.40048,566775471962.3374,591316726645.0193,0.05351443237187009,0.958497276371797,45998582092.88746,2035637431464.3516,2068607150393.2463,0.02223649960996366,0.9840618751981849,2000,14000,14000,14,91000001,91002000,0.00222894941625984,True,regenerated_frozen_step19_simulations
step28_ceded_development_v1,long_stable_break,long,stable,post_break,11,14818859056.851595,581594331019.189,591316726645.0193,0.025060781116289458,0.9835580574880864,20320196425.917538,2055957627890.269,2068607150393.2463,0.009823129743148489,0.9938850049413332,2000,14000,14000,14,91000001,91002000,0.00222894941625984,True,regenerated_frozen_step19_simulations
step28_ceded_development_v1,long_stable_break,long,stable,post_break,12,6538675163.22306,588133006182.412,591316726645.0193,0.011057822091930056,0.9946158795800164,8601172297.23975,2064558800187.5088,2068607150393.2463,0.004157953478795938,0.9980429584201292,2000,14000,14000,14,91000001,91002000,0.00222894941625984,True,regenerated_frozen_step19_simulations
step28_ceded_development_v1,long_stable_break,long,stable,post_break,13,2468665919.997912,590601672102.4099,591316726645.0193,0.004174862317872343,0.9987907418978887,3154011747.3437204,2067712811934.8525,2068607150393.2463,0.0015247031060219127,0.9995676615261512,2000,14000,14000,14,91000001,91002000,0.00222894941625984,True,regenerated_frozen_step19_simulations
step28_ceded_development_v1,long_stable_break,long,stable,post_break,14,715054542.6091564,591316726645.019,591316726645.0193,0.00120925810211085,0.9999999999999996,894338458.3940377,2068607150393.2466,2068607150393.2463,0.0004323384738489482,1.0000000000000002,2000,14000,14000,14,91000001,91002000,0.00222894941625984,True,regenerated_frozen_step19_simulations
step28_ceded_development_v1,long_stable_no_break,long,stable,no_break,1,128871314.26048866,128871314.26048866,1036596463846.5605,0.00012432158390959406,0.00012432158390959406,73455223748.70619,73455223748.70619,4023240253277.7188,0.018257727385000807,0.018257727385000807,2000,30000,30000,14,91000001,91002000,0.0010121562753584445,True,regenerated_frozen_step19_simulations
step28_ceded_development_v1,long_stable_no_break,long,stable,no_break,2,10866557489.582827,10995428803.843315,1036596463846.5605,0.010482919697853919,0.010607241281763512,416771352396.76965,490226576145.4758,4023240253277.7188,0.10359096801570018,0.12184869540070098,2000,30000,30000,14,91000001,91002000,0.0010121562753584445,True,regenerated_frozen_step19_simulations
step28_ceded_development_v1,long_stable_no_break,long,stable,no_break,3,43893848724.94848,54889277528.791794,1036596463846.5605,0.0423442007143927,0.052951441996156215,575787211528.8923,1066013787674.3682,4023240253277.7188,0.1431152939623232,0.2649639893630242,2000,30000,30000,14,91000001,91002000,0.0010121562753584445,True,regenerated_frozen_step19_simulations
step28_ceded_development_v1,long_stable_no_break,long,stable,no_break,4,77280611767.93756,132169889296.72935,1036596463846.5605,0.07455226258554633,0.12750370458170254,566099906158.4613,1632113693832.8296,4023240253277.7188,0.14070745730316797,0.4056714466661922,2000,30000,30000,14,91000001,91002000,0.0010121562753584445,True,regenerated_frozen_step19_simulations
step28_ceded_development_v1,long_stable_no_break,long,stable,no_break,5,90355102992.8966,222524992289.62598,1036596463846.5605,0.08716516614151906,0.2146688707232216,463532285676.4873,2095645979509.317,4023240253277.7188,0.11521367268555471,0.5208851193517469,2000,30000,30000,14,91000001,91002000,0.0010121562753584445,True,regenerated_frozen_step19_simulations
step28_ceded_development_v1,long_stable_no_break,long,stable,no_break,6,96141155611.88991,318666147901.51587,1036596463846.5605,0.09274694537846788,0.3074158161016895,379300682892.3287,2474946662401.6455,4023240253277.7188,0.0942774129840528,0.6151625323357996,2000,30000,30000,14,91000001,91002000,0.0010121562753584445,True,regenerated_frozen_step19_simulations
step28_ceded_development_v1,long_stable_no_break,long,stable,no_break,7,100746718867.67877,419412866769.19464,1036596463846.5605,0.09718991177514912,0.40460572787683863,312784082474.698,2787730744876.3438,4023240253277.7188,0.07774432118983547,0.6929068535256352,2000,30000,30000,14,91000001,91002000,0.0010121562753584445,True,regenerated_frozen_step19_simulations
step28_ceded_development_v1,long_stable_no_break,long,stable,no_break,8,101184367692.6889,520597234461.88354,1036596463846.5605,0.09761210965086453,0.5022178375277031,262018859222.18796,3049749604098.5317,4023240253277.7188,0.06512632672352146,0.7580331802491567,2000,30000,30000,14,91000001,91002000,0.0010121562753584445,True,regenerated_frozen_step19_simulations
step28_ceded_development_v1,long_stable_no_break,long,stable,no_break,9,121393803259.91318,641991037721.7968,1036596463846.5605,0.1171080622920996,0.6193258998198028,269312054595.7838,3319061658694.3154,4023240253277.7188,0.06693909327845293,0.8249722735276096,2000,30000,30000,14,91000001,91002000,0.0010121562753584445,True,regenerated_frozen_step19_simulations
step28_ceded_development_v1,long_stable_no_break,long,stable,no_break,10,205997721079.82672,847988758801.6235,1036596463846.5605,0.19872508566681643,0.8180509854866193,385610939295.0291,3704672597989.3447,4023240253277.7188,0.09584586428336546,0.9208181378109751,2000,30000,30000,14,91000001,91002000,0.0010121562753584445,True,regenerated_frozen_step19_simulations
step28_ceded_development_v1,long_stable_no_break,long,stable,no_break,11,102829043233.39699,950817802035.0205,1036596463846.5605,0.09919872083281386,0.9172497063194331,180766397785.17047,3885438995774.515,4023240253277.7188,0.044930550105204574,0.9657486879161796,2000,30000,30000,14,91000001,91002000,0.0010121562753584445,True,regenerated_frozen_step19_simulations
step28_ceded_development_v1,long_stable_no_break,long,stable,no_break,12,51495250803.851425,1002313052838.872,1036596463846.5605,0.049677239504334135,0.9669269458237673,85034732371.0739,3970473728145.589,4023240253277.7188,0.02113588227841885,0.9868845701945984,2000,30000,30000,14,91000001,91002000,0.0010121562753584445,True,regenerated_frozen_step19_simulations
step28_ceded_development_v1,long_stable_no_break,long,stable,no_break,13,23006536030.914536,1025319588869.7865,1036596463846.5605,0.022194303022743108,0.9891212488465103,36231044160.372444,4006704772305.9614,4023240253277.7188,0.00900543887003893,0.9958900090646374,2000,30000,30000,14,91000001,91002000,0.0010121562753584445,True,regenerated_frozen_step19_simulations
step28_ceded_development_v1,long_stable_no_break,long,stable,no_break,14,11276874976.773983,1036596463846.5604,1036596463846.5605,0.010878751153489572,0.9999999999999999,16535480971.764303,4023240253277.7256,4023240253277.7188,0.004109990935364327,1.0000000000000018,2000,30000,30000,14,91000001,91002000,0.0010121562753584445,True,regenerated_frozen_step19_simulations
step28_ceded_development_v1,short_emerging_no_break,short,emerging,no_break,1,163104183122.32724,163104183122.32724,760997060673.805,0.21432958358329385,0.21432958358329385,1731888903860.7615,1731888903860.7615,3529260404636.783,0.49072290091867005,0.49072290091867005,2000,30000,30000,6,91000001,91002000,0.0007995829669763532,True,regenerated_frozen_step19_simulations
step28_ceded_development_v1,short_emerging_no_break,short,emerging,no_break,2,267451047286.43637,430555230408.7636,760997060673.805,0.3514482001410476,0.5657777837243414,1013627887412.3312,2745516791273.093,3529260404636.783,0.2872068850687853,0.7779297859874553,2000,30000,30000,6,91000001,91002000,0.0007995829669763532,True,regenerated_frozen_step19_simulations
step28_ceded_development_v1,short_emerging_no_break,short,emerging,no_break,3,187645598377.29712,618200828786.0608,760997060673.805,0.24657861123819744,0.812356394962539,496710962854.66296,3242227754127.756,3529260404636.783,0.14074080852806395,0.9186705945155194,2000,30000,30000,6,91000001,91002000,0.0007995829669763532,True,regenerated_frozen_step19_simulations
step28_ceded_development_v1,short_emerging_no_break,short,emerging,no_break,4,118863118534.76953,737063947320.8303,760997060673.805,0.15619392593911635,0.9685503209016553,243389540274.43896,3485617294402.195,3529260404636.783,0.06896332726105191,0.9876339217765712,2000,30000,30000,6,91000001,91002000,0.0007995829669763532,True,regenerated_frozen_step19_simulations
step28_ceded_development_v1,short_emerging_no_break,short,emerging,no_break,5,20112215723.20374,757176163044.034,760997060673.805,0.02642876925884037,0.9949790901604957,37171829934.87128,3522789124337.066,3529260404636.783,0.010532470170247141,0.9981663919468183,2000,30000,30000,6,91000001,91002000,0.0007995829669763532,True,regenerated_frozen_step19_simulations
step28_ceded_development_v1,short_emerging_no_break,short,emerging,no_break,6,3820897629.7714205,760997060673.8054,760997060673.805,0.005020909839504907,1.0000000000000004,6471280299.727154,3529260404636.793,3529260404636.783,0.001833608053184489,1.0000000000000027,2000,30000,30000,6,91000001,91002000,0.0007995829669763532,True,regenerated_frozen_step19_simulations
step28_ceded_development_v1,short_shock_no_break,short,shock,no_break,1,171858009535.60187,171858009535.60187,823448054520.3523,0.208705344061693,0.208705344061693,1755734832748.242,1755734832748.242,3608262300635.715,0.4865873615781511,0.4865873615781511,2000,30000,30000,6,91000001,91002000,0.0007929968766215989,True,regenerated_frozen_step19_simulations
step28_ceded_development_v1,short_shock_no_break,short,shock,no_break,2,287497205394.83105,459355214930.4329,823448054520.3523,0.34913824110288827,0.5578435851645813,1037995357129.4076,2793730189877.6494,3608262300635.715,0.2876718128132011,0.7742591743913522,2000,30000,30000,6,91000001,91002000,0.0007929968766215989,True,regenerated_frozen_step19_simulations
step28_ceded_development_v1,short_shock_no_break,short,shock,no_break,3,206099521718.73126,665454736649.1642,823448054520.3523,0.25028843117345334,0.8081320163380347,514014366830.4064,3307744556708.0557,3608262300635.715,0.14245482284917194,0.916713997240524,2000,30000,30000,6,91000001,91002000,0.0007929968766215989,True,regenerated_frozen_step19_simulations
step28_ceded_development_v1,short_shock_no_break,short,shock,no_break,4,131453241938.42099,796907978587.5852,823448054520.3523,0.15963756452735903,0.9677695808653937,254410876022.7856,3562155432730.8413,3608262300635.715,0.07050786634274418,0.9872218635832682,2000,30000,30000,6,91000001,91002000,0.0007929968766215989,True,regenerated_frozen_step19_simulations
step28_ceded_development_v1,short_shock_no_break,short,shock,no_break,5,22333633015.08439,819241611602.6696,823448054520.3523,0.027122090935163407,0.994891671800557,39218056997.27796,3601373489728.119,3608262300635.715,0.01086895955162916,0.9980908231348974,2000,30000,30000,6,91000001,91002000,0.0007929968766215989,True,regenerated_frozen_step19_simulations
step28_ceded_development_v1,short_shock_no_break,short,shock,no_break,6,4206442917.6818876,823448054520.3514,823448054520.3523,0.005108328199441901,0.999999999999999,6888810907.593606,3608262300635.713,3608262300635.715,0.0019091768651020504,0.9999999999999994,2000,30000,30000,6,91000001,91002000,0.0007929968766215989,True,regenerated_frozen_step19_simulations
step28_ceded_development_v1,short_stable_no_break,short,stable,no_break,1,154344058335.8504,154344058335.8504,703946606342.7651,0.2192553482681289,0.2192553482681289,1704010473832.326,1704010473832.326,3448067459558.9062,0.4941929048135013,0.4941929048135013,2000,30000,30000,6,91000001,91002000,0.0007334886146909136,True,regenerated_frozen_step19_simulations
step28_ceded_development_v1,short_stable_no_break,short,stable,no_break,2,249540560734.75613,403884619070.60657,703946606342.7651,0.3544879092907368,0.5737432575588657,989504092612.2655,2693514566444.5913,3448067459558.9062,0.28697353059874525,0.7811664354122465,2000,30000,30000,6,91000001,91002000,0.0007334886146909136,True,regenerated_frozen_step19_simulations
step28_ceded_development_v1,short_stable_no_break,short,stable,no_break,3,172031060560.71286,575915679631.3195,703946606342.7651,0.2443808365729199,0.8181240941317857,480432893596.1097,3173947460040.701,3448067459558.9062,0.13933396003150386,0.9205003954437504,2000,30000,30000,6,91000001,91002000,0.0007334886146909136,True,regenerated_frozen_step19_simulations
step28_ceded_development_v1,short_stable_no_break,short,stable,no_break,4,107144012239.29866,683059691870.6182,703946606342.7651,0.15220474290791336,0.9703288370396991,232923495542.47964,3406870955583.1807,3448067459558.9062,0.06755189632289746,0.9880522917666479,2000,30000,30000,6,91000001,91002000,0.0007334886146909136,True,regenerated_frozen_step19_simulations
step28_ceded_development_v1,short_stable_no_break,short,stable,no_break,5,17594938635.893234,700654630506.5114,703946606342.7651,0.02499470624243044,0.9953235432821295,35155346985.19466,3442026302568.3755,3448067459558.9062,0.010195666818447892,0.9982479585850957,2000,30000,30000,6,91000001,91002000,0.0007334886146909136,True,regenerated_frozen_step19_simulations
step28_ceded_development_v1,short_stable_no_break,short,stable,no_break,6,3291975836.2547684,703946606342.7661,703946606342.7651,0.004676456717871927,1.0000000000000013,6041156990.532431,3448067459558.9077,3448067459558.9062,0.0017520414149046972,1.0000000000000004,2000,30000,30000,6,91000001,91002000,0.0007334886146909136,True,regenerated_frozen_step19_simulations
