calibration_version,scenario_id,tail_type,inflation_scenario,structural_break_regime,development_year,incremental_gross_paid,cumulative_gross_paid,incremental_ceded_paid,cumulative_ceded_paid,total_gross_ultimate,total_ceded_ultimate
step28_ceded_development_v1,long_emerging_break,long,emerging,post_break,1,81705893937.87932,81705893937.87932,461940629.4471524,461940629.4471524,2268975883960.837,747073679494.3429
step28_ceded_development_v1,long_emerging_break,long,emerging,post_break,2,330268334499.40045,411974228437.2798,19809923468.02707,20271864097.47422,2268975883960.837,747073679494.3429
step28_ceded_development_v1,long_emerging_break,long,emerging,post_break,3,422587807355.4138,834562035792.6936,67111980599.94706,87383844697.42128,2268975883960.837,747073679494.3429
step28_ceded_development_v1,long_emerging_break,long,emerging,post_break,4,400622652431.80145,1235184688224.495,108005864687.16573,195389709384.587,2268975883960.837,747073679494.3429
step28_ceded_development_v1,long_emerging_break,long,emerging,post_break,5,323177649373.8476,1558362337598.3428,121793892208.45502,317183601593.042,2268975883960.837,747073679494.3429
step28_ceded_development_v1,long_emerging_break,long,emerging,post_break,6,239249023587.55295,1797611361185.8958,113191918751.03645,430375520344.0784,2268975883960.837,747073679494.3429
step28_ceded_development_v1,long_emerging_break,long,emerging,post_break,7,167341702819.54095,1964953064005.4368,97594617097.1057,527970137441.18414,2268975883960.837,747073679494.3429
step28_ceded_development_v1,long_emerging_break,long,emerging,post_break,8,120730832463.36536,2085683896468.8022,81439882163.88759,609410019605.0718,2268975883960.837,747073679494.3429
step28_ceded_development_v1,long_emerging_break,long,emerging,post_break,9,86218050870.78967,2171901947339.5918,62904744463.41675,672314764068.4885,2268975883960.837,747073679494.3429
step28_ceded_development_v1,long_emerging_break,long,emerging,post_break,10,55855210077.86082,2227757157417.4526,42274823685.7553,714589587754.2438,2268975883960.837,747073679494.3429
step28_ceded_development_v1,long_emerging_break,long,emerging,post_break,11,25146349213.27421,2252903506630.727,19662530408.93153,734252118163.1753,2268975883960.837,747073679494.3429
step28_ceded_development_v1,long_emerging_break,long,emerging,post_break,12,10847165954.364458,2263750672585.0913,8638366573.31912,742890484736.4944,2268975883960.837,747073679494.3429
step28_ceded_development_v1,long_emerging_break,long,emerging,post_break,13,4053842964.3278675,2267804515549.419,3244512785.7740493,746134997522.2684,2268975883960.837,747073679494.3429
step28_ceded_development_v1,long_emerging_break,long,emerging,post_break,14,1171368411.42119,2268975883960.8403,938681972.0728177,747073679494.3413,2268975883960.837,747073679494.3429
step28_ceded_development_v1,long_emerging_no_break,long,emerging,no_break,1,74656805008.74658,74656805008.74658,136641464.7901646,136641464.7901646,4331489104457.359,1273888669625.9465
step28_ceded_development_v1,long_emerging_no_break,long,emerging,no_break,2,426941388288.95605,501598193297.70264,11725955087.313528,11862596552.103693,4331489104457.359,1273888669625.9465
step28_ceded_development_v1,long_emerging_no_break,long,emerging,no_break,3,595340349557.8362,1096938542855.5388,48443737430.83413,60306333982.93782,4331489104457.359,1273888669625.9465
step28_ceded_development_v1,long_emerging_no_break,long,emerging,no_break,4,591571730992.706,1688510273848.2449,87127632563.73648,147433966546.67432,4331489104457.359,1273888669625.9465
step28_ceded_development_v1,long_emerging_no_break,long,emerging,no_break,5,490177571759.47925,2178687845607.724,104437226016.49371,251871192563.16803,4331489104457.359,1273888669625.9465
step28_ceded_development_v1,long_emerging_no_break,long,emerging,no_break,6,406391502024.67303,2585079347632.397,113803332250.48775,365674524813.65576,4331489104457.359,1273888669625.9465
step28_ceded_development_v1,long_emerging_no_break,long,emerging,no_break,7,339939506392.96826,2925018854025.365,122252831950.15929,487927356763.81506,4331489104457.359,1273888669625.9465
step28_ceded_development_v1,long_emerging_no_break,long,emerging,no_break,8,289176841564.14185,3214195695589.507,125982052702.11595,613909409465.931,4331489104457.359,1273888669625.9465
step28_ceded_development_v1,long_emerging_no_break,long,emerging,no_break,9,302136672421.78705,3516332368011.294,154458404165.16342,768367813631.0945,4331489104457.359,1273888669625.9465
step28_ceded_development_v1,long_emerging_no_break,long,emerging,no_break,10,440174992011.0272,3956507360022.3213,262174218743.85843,1030542032374.9529,4331489104457.359,1273888669625.9465
step28_ceded_development_v1,long_emerging_no_break,long,emerging,no_break,11,210144067274.26904,4166651427296.5903,132413448528.63312,1162955480903.586,4331489104457.359,1273888669625.9465
step28_ceded_development_v1,long_emerging_no_break,long,emerging,no_break,12,100756652216.36302,4267408079512.953,66632190190.99682,1229587671094.5828,4331489104457.359,1273888669625.9465
step28_ceded_development_v1,long_emerging_no_break,long,emerging,no_break,13,43733748956.33809,4311141828469.291,29808198547.339314,1259395869641.922,4331489104457.359,1273888669625.9465
step28_ceded_development_v1,long_emerging_no_break,long,emerging,no_break,14,20347275988.07379,4331489104457.3647,14492799984.02466,1273888669625.9468,4331489104457.359,1273888669625.9465
step28_ceded_development_v1,long_shock_break,long,shock,post_break,1,83757483753.85986,83757483753.85986,504794773.48003066,504794773.48003066,2462563879515.2153,900451747658.6122
step28_ceded_development_v1,long_shock_break,long,shock,post_break,2,344696312171.8543,428453795925.7142,22334469519.32121,22839264292.80124,2462563879515.2153,900451747658.6122
step28_ceded_development_v1,long_shock_break,long,shock,post_break,3,449187494336.47076,877641290262.1849,78254326693.955,101093590986.75624,2462563879515.2153,900451747658.6122
step28_ceded_development_v1,long_shock_break,long,shock,post_break,4,433059005898.0974,1310700296160.2822,129813973812.90982,230907564799.66608,2462563879515.2153,900451747658.6122
step28_ceded_development_v1,long_shock_break,long,shock,post_break,5,354810161033.3042,1665510457193.5864,150243122462.39423,381150687262.0603,2462563879515.2153,900451747658.6122
step28_ceded_development_v1,long_shock_break,long,shock,post_break,6,266492405776.4811,1932002862970.0676,141868678500.31238,523019365762.3727,2462563879515.2153,900451747658.6122
step28_ceded_development_v1,long_shock_break,long,shock,post_break,7,187865616717.6558,2119868479687.7234,120723052717.76308,643742418480.1357,2462563879515.2153,900451747658.6122
step28_ceded_development_v1,long_shock_break,long,shock,post_break,8,135996454637.37036,2255864934325.0938,98047892447.45502,741790310927.5908,2462563879515.2153,900451747658.6122
step28_ceded_development_v1,long_shock_break,long,shock,post_break,9,97228364508.37285,2353093298833.467,73610411797.7708,815400722725.3616,2462563879515.2153,900451747658.6122
step28_ceded_development_v1,long_shock_break,long,shock,post_break,10,62988094375.74408,2416081393209.211,48587443827.17352,863988166552.5352,2462563879515.2153,900451747658.6122
step28_ceded_development_v1,long_shock_break,long,shock,post_break,11,28357616330.56593,2444439009539.777,22246487094.024334,886234653646.5594,2462563879515.2153,900451747658.6122
step28_ceded_development_v1,long_shock_break,long,shock,post_break,12,12232382832.155554,2456671392371.9326,9633646714.507746,895868300361.0671,2462563879515.2153,900451747658.6122
step28_ceded_development_v1,long_shock_break,long,shock,post_break,13,4571531337.28414,2461242923709.217,3564646327.9443736,899432946689.0115,2462563879515.2153,900451747658.6122
step28_ceded_development_v1,long_shock_break,long,shock,post_break,14,1320955805.9939723,2462563879515.211,1018800969.5999684,900451747658.6115,2462563879515.2153,900451747658.6122
step28_ceded_development_v1,long_shock_no_break,long,shock,no_break,1,75682599916.73674,75682599916.73674,144155126.16280127,144155126.16280127,4603147293307.802,1482911274096.518
step28_ceded_development_v1,long_shock_no_break,long,shock,no_break,2,437215024534.7216,512897624451.4584,12730219566.551249,12874374692.71405,4603147293307.802,1482911274096.518
step28_ceded_development_v1,long_shock_no_break,long,shock,no_break,3,616151287563.358,1129048912014.8164,54052516923.25212,66926891615.96617,4603147293307.802,1482911274096.518
step28_ceded_development_v1,long_shock_no_break,long,shock,no_break,4,618409919370.8556,1747458831385.6719,99348140421.00618,166275032036.97235,4603147293307.802,1482911274096.518
step28_ceded_development_v1,long_shock_no_break,long,shock,no_break,5,517248828834.7069,2264707660220.379,121465025193.5656,287740057230.53796,4603147293307.802,1482911274096.518
step28_ceded_development_v1,long_shock_no_break,long,shock,no_break,6,432654095142.51117,2697361755362.89,134517298178.21062,422257355408.7486,4603147293307.802,1482911274096.518
step28_ceded_development_v1,long_shock_no_break,long,shock,no_break,7,364942444237.19604,3062304199600.086,146583218568.52127,568840573977.2699,4603147293307.802,1482911274096.518
step28_ceded_development_v1,long_shock_no_break,long,shock,no_break,8,312878225931.7041,3375182425531.79,152172165240.12744,721012739217.3973,4603147293307.802,1482911274096.518
step28_ceded_development_v1,long_shock_no_break,long,shock,no_break,9,329290985240.5234,3704473410772.3135,183806404805.16577,904819144022.5631,4603147293307.802,1482911274096.518
step28_ceded_development_v1,long_shock_no_break,long,shock,no_break,10,483004989549.989,4187478400322.3027,301339892293.2611,1206159036315.8242,4603147293307.802,1482911274096.518
step28_ceded_development_v1,long_shock_no_break,long,shock,no_break,11,232059326959.98486,4419537727282.287,151227760889.1996,1357386797205.024,4603147293307.802,1482911274096.518
step28_ceded_development_v1,long_shock_no_break,long,shock,no_break,12,111923596390.86438,4531461323673.151,75638238549.94617,1433025035754.9702,4603147293307.802,1482911274096.518
step28_ceded_development_v1,long_shock_no_break,long,shock,no_break,13,48843359680.58068,4580304683353.732,33652507855.3674,1466677543610.3376,4603147293307.802,1482911274096.518
step28_ceded_development_v1,long_shock_no_break,long,shock,no_break,14,22842609954.062714,4603147293307.795,16233730486.180965,1482911274096.5186,4603147293307.802,1482911274096.518
step28_ceded_development_v1,long_stable_break,long,stable,post_break,1,79302731417.79869,79302731417.79869,420651231.66995025,420651231.66995025,2068607150393.2463,591316726645.0193
step28_ceded_development_v1,long_stable_break,long,stable,post_break,2,315986177151.53424,395288908569.33295,17642164134.250877,18062815365.920826,2068607150393.2463,591316726645.0193
step28_ceded_development_v1,long_stable_break,long,stable,post_break,3,397593995088.5119,792882903657.8448,58044301728.93683,76107117094.85765,2068607150393.2463,591316726645.0193
step28_ceded_development_v1,long_stable_break,long,stable,post_break,4,369835919432.26324,1162718823090.1082,90325724332.05692,166432841426.91455,2068607150393.2463,591316726645.0193
step28_ceded_development_v1,long_stable_break,long,stable,post_break,5,292724235760.85455,1455443058850.9626,98568185293.7448,265001026720.65936,2068607150393.2463,591316726645.0193
step28_ceded_development_v1,long_stable_break,long,stable,post_break,6,212625937368.2201,1668068996219.1826,88506849428.8983,353507876149.5577,2068607150393.2463,591316726645.0193
step28_ceded_development_v1,long_stable_break,long,stable,post_break,7,145916234545.38553,1813985230764.568,74095007585.7667,427602883735.32434,2068607150393.2463,591316726645.0193
step28_ceded_development_v1,long_stable_break,long,stable,post_break,8,103285908284.9416,1917271139049.5098,60733493604.191315,488336377339.5156,2068607150393.2463,591316726645.0193
step28_ceded_development_v1,long_stable_break,long,stable,post_break,9,72367710321.95444,1989638849371.464,46795115644.421265,535131492983.9369,2068607150393.2463,591316726645.0193
step28_ceded_development_v1,long_stable_break,long,stable,post_break,10,45998582092.88746,2035637431464.3516,31643978978.40048,566775471962.3374,2068607150393.2463,591316726645.0193
step28_ceded_development_v1,long_stable_break,long,stable,post_break,11,20320196425.917538,2055957627890.269,14818859056.851595,581594331019.189,2068607150393.2463,591316726645.0193
step28_ceded_development_v1,long_stable_break,long,stable,post_break,12,8601172297.23975,2064558800187.5088,6538675163.22306,588133006182.412,2068607150393.2463,591316726645.0193
step28_ceded_development_v1,long_stable_break,long,stable,post_break,13,3154011747.3437204,2067712811934.8525,2468665919.997912,590601672102.4099,2068607150393.2463,591316726645.0193
step28_ceded_development_v1,long_stable_break,long,stable,post_break,14,894338458.3940377,2068607150393.2466,715054542.6091564,591316726645.019,2068607150393.2463,591316726645.0193
step28_ceded_development_v1,long_stable_no_break,long,stable,no_break,1,73455223748.70619,73455223748.70619,128871314.26048866,128871314.26048866,4023240253277.7188,1036596463846.5605
step28_ceded_development_v1,long_stable_no_break,long,stable,no_break,2,416771352396.76965,490226576145.4758,10866557489.582827,10995428803.843315,4023240253277.7188,1036596463846.5605
step28_ceded_development_v1,long_stable_no_break,long,stable,no_break,3,575787211528.8923,1066013787674.3682,43893848724.94848,54889277528.791794,4023240253277.7188,1036596463846.5605
step28_ceded_development_v1,long_stable_no_break,long,stable,no_break,4,566099906158.4613,1632113693832.8296,77280611767.93756,132169889296.72935,4023240253277.7188,1036596463846.5605
step28_ceded_development_v1,long_stable_no_break,long,stable,no_break,5,463532285676.4873,2095645979509.317,90355102992.8966,222524992289.62598,4023240253277.7188,1036596463846.5605
step28_ceded_development_v1,long_stable_no_break,long,stable,no_break,6,379300682892.3287,2474946662401.6455,96141155611.88991,318666147901.51587,4023240253277.7188,1036596463846.5605
step28_ceded_development_v1,long_stable_no_break,long,stable,no_break,7,312784082474.698,2787730744876.3438,100746718867.67877,419412866769.19464,4023240253277.7188,1036596463846.5605
step28_ceded_development_v1,long_stable_no_break,long,stable,no_break,8,262018859222.18796,3049749604098.5317,101184367692.6889,520597234461.88354,4023240253277.7188,1036596463846.5605
step28_ceded_development_v1,long_stable_no_break,long,stable,no_break,9,269312054595.7838,3319061658694.3154,121393803259.91318,641991037721.7968,4023240253277.7188,1036596463846.5605
step28_ceded_development_v1,long_stable_no_break,long,stable,no_break,10,385610939295.0291,3704672597989.3447,205997721079.82672,847988758801.6235,4023240253277.7188,1036596463846.5605
step28_ceded_development_v1,long_stable_no_break,long,stable,no_break,11,180766397785.17047,3885438995774.515,102829043233.39699,950817802035.0205,4023240253277.7188,1036596463846.5605
step28_ceded_development_v1,long_stable_no_break,long,stable,no_break,12,85034732371.0739,3970473728145.589,51495250803.851425,1002313052838.872,4023240253277.7188,1036596463846.5605
step28_ceded_development_v1,long_stable_no_break,long,stable,no_break,13,36231044160.372444,4006704772305.9614,23006536030.914536,1025319588869.7865,4023240253277.7188,1036596463846.5605
step28_ceded_development_v1,long_stable_no_break,long,stable,no_break,14,16535480971.764303,4023240253277.7256,11276874976.773983,1036596463846.5604,4023240253277.7188,1036596463846.5605
step28_ceded_development_v1,short_emerging_no_break,short,emerging,no_break,1,1731888903860.7615,1731888903860.7615,163104183122.32724,163104183122.32724,3529260404636.783,760997060673.805
step28_ceded_development_v1,short_emerging_no_break,short,emerging,no_break,2,1013627887412.3312,2745516791273.093,267451047286.43637,430555230408.7636,3529260404636.783,760997060673.805
step28_ceded_development_v1,short_emerging_no_break,short,emerging,no_break,3,496710962854.66296,3242227754127.756,187645598377.29712,618200828786.0608,3529260404636.783,760997060673.805
step28_ceded_development_v1,short_emerging_no_break,short,emerging,no_break,4,243389540274.43896,3485617294402.195,118863118534.76953,737063947320.8303,3529260404636.783,760997060673.805
step28_ceded_development_v1,short_emerging_no_break,short,emerging,no_break,5,37171829934.87128,3522789124337.066,20112215723.20374,757176163044.034,3529260404636.783,760997060673.805
step28_ceded_development_v1,short_emerging_no_break,short,emerging,no_break,6,6471280299.727154,3529260404636.793,3820897629.7714205,760997060673.8054,3529260404636.783,760997060673.805
step28_ceded_development_v1,short_shock_no_break,short,shock,no_break,1,1755734832748.242,1755734832748.242,171858009535.60187,171858009535.60187,3608262300635.715,823448054520.3523
step28_ceded_development_v1,short_shock_no_break,short,shock,no_break,2,1037995357129.4076,2793730189877.6494,287497205394.83105,459355214930.4329,3608262300635.715,823448054520.3523
step28_ceded_development_v1,short_shock_no_break,short,shock,no_break,3,514014366830.4064,3307744556708.0557,206099521718.73126,665454736649.1642,3608262300635.715,823448054520.3523
step28_ceded_development_v1,short_shock_no_break,short,shock,no_break,4,254410876022.7856,3562155432730.8413,131453241938.42099,796907978587.5852,3608262300635.715,823448054520.3523
step28_ceded_development_v1,short_shock_no_break,short,shock,no_break,5,39218056997.27796,3601373489728.119,22333633015.08439,819241611602.6696,3608262300635.715,823448054520.3523
step28_ceded_development_v1,short_shock_no_break,short,shock,no_break,6,6888810907.593606,3608262300635.713,4206442917.6818876,823448054520.3514,3608262300635.715,823448054520.3523
step28_ceded_development_v1,short_stable_no_break,short,stable,no_break,1,1704010473832.326,1704010473832.326,154344058335.8504,154344058335.8504,3448067459558.9062,703946606342.7651
step28_ceded_development_v1,short_stable_no_break,short,stable,no_break,2,989504092612.2655,2693514566444.5913,249540560734.75613,403884619070.60657,3448067459558.9062,703946606342.7651
step28_ceded_development_v1,short_stable_no_break,short,stable,no_break,3,480432893596.1097,3173947460040.701,172031060560.71286,575915679631.3195,3448067459558.9062,703946606342.7651
step28_ceded_development_v1,short_stable_no_break,short,stable,no_break,4,232923495542.47964,3406870955583.1807,107144012239.29866,683059691870.6182,3448067459558.9062,703946606342.7651
step28_ceded_development_v1,short_stable_no_break,short,stable,no_break,5,35155346985.19466,3442026302568.3755,17594938635.893234,700654630506.5114,3448067459558.9062,703946606342.7651
step28_ceded_development_v1,short_stable_no_break,short,stable,no_break,6,6041156990.532431,3448067459558.9077,3291975836.2547684,703946606342.7661,3448067459558.9062,703946606342.7651
