scenario_id,tail_type,inflation_scenario,structural_break,clause_type,model,basis,attempts,successful_fits,failed_fits,success_rate,accuracy_scope,conditional_accuracy_warning
long_emerging_break,long,emerging,True,none,cashflow_uplift,ceded,50,7,43,0.14,conditional_on_successful_fits,True
long_emerging_break,long,emerging,True,none,chain_ladder,ceded,50,7,43,0.14,conditional_on_successful_fits,True
long_emerging_break,long,emerging,True,none,inflation_adjusted_chain_ladder,ceded,50,7,43,0.14,conditional_on_successful_fits,True
long_emerging_break,long,emerging,True,none,regularized_poisson,ceded,50,50,0,1.0,all_attempts_successful,False
long_emerging_no_break,long,emerging,False,none,cashflow_uplift,ceded,50,0,50,0.0,not_available_no_successful_fits,False
long_emerging_no_break,long,emerging,False,none,chain_ladder,ceded,50,0,50,0.0,not_available_no_successful_fits,False
long_emerging_no_break,long,emerging,False,none,inflation_adjusted_chain_ladder,ceded,50,0,50,0.0,not_available_no_successful_fits,False
long_emerging_no_break,long,emerging,False,none,regularized_poisson,ceded,50,50,0,1.0,all_attempts_successful,False
long_shock_break,long,shock,True,none,cashflow_uplift,ceded,50,8,42,0.16,conditional_on_successful_fits,True
long_shock_break,long,shock,True,none,chain_ladder,ceded,50,8,42,0.16,conditional_on_successful_fits,True
long_shock_break,long,shock,True,none,inflation_adjusted_chain_ladder,ceded,50,8,42,0.16,conditional_on_successful_fits,True
long_shock_break,long,shock,True,none,regularized_poisson,ceded,50,50,0,1.0,all_attempts_successful,False
long_shock_no_break,long,shock,False,none,cashflow_uplift,ceded,50,0,50,0.0,not_available_no_successful_fits,False
long_shock_no_break,long,shock,False,none,chain_ladder,ceded,50,0,50,0.0,not_available_no_successful_fits,False
long_shock_no_break,long,shock,False,none,inflation_adjusted_chain_ladder,ceded,50,0,50,0.0,not_available_no_successful_fits,False
long_shock_no_break,long,shock,False,none,regularized_poisson,ceded,50,50,0,1.0,all_attempts_successful,False
long_stable_break,long,stable,True,none,cashflow_uplift,ceded,50,7,43,0.14,conditional_on_successful_fits,True
long_stable_break,long,stable,True,none,chain_ladder,ceded,50,7,43,0.14,conditional_on_successful_fits,True
long_stable_break,long,stable,True,none,inflation_adjusted_chain_ladder,ceded,50,7,43,0.14,conditional_on_successful_fits,True
long_stable_break,long,stable,True,none,regularized_poisson,ceded,50,50,0,1.0,all_attempts_successful,False
long_stable_no_break,long,stable,False,none,cashflow_uplift,ceded,50,0,50,0.0,not_available_no_successful_fits,False
long_stable_no_break,long,stable,False,none,chain_ladder,ceded,50,0,50,0.0,not_available_no_successful_fits,False
long_stable_no_break,long,stable,False,none,inflation_adjusted_chain_ladder,ceded,50,0,50,0.0,not_available_no_successful_fits,False
long_stable_no_break,long,stable,False,none,regularized_poisson,ceded,50,50,0,1.0,all_attempts_successful,False
short_emerging_no_break,short,emerging,False,none,cashflow_uplift,ceded,50,50,0,1.0,all_attempts_successful,False
short_emerging_no_break,short,emerging,False,none,chain_ladder,ceded,50,50,0,1.0,all_attempts_successful,False
short_emerging_no_break,short,emerging,False,none,inflation_adjusted_chain_ladder,ceded,50,50,0,1.0,all_attempts_successful,False
short_emerging_no_break,short,emerging,False,none,regularized_poisson,ceded,50,50,0,1.0,all_attempts_successful,False
short_shock_no_break,short,shock,False,none,cashflow_uplift,ceded,50,50,0,1.0,all_attempts_successful,False
short_shock_no_break,short,shock,False,none,chain_ladder,ceded,50,50,0,1.0,all_attempts_successful,False
short_shock_no_break,short,shock,False,none,inflation_adjusted_chain_ladder,ceded,50,50,0,1.0,all_attempts_successful,False
short_shock_no_break,short,shock,False,none,regularized_poisson,ceded,50,50,0,1.0,all_attempts_successful,False
short_stable_no_break,short,stable,False,none,cashflow_uplift,ceded,50,50,0,1.0,all_attempts_successful,False
short_stable_no_break,short,stable,False,none,chain_ladder,ceded,50,50,0,1.0,all_attempts_successful,False
short_stable_no_break,short,stable,False,none,inflation_adjusted_chain_ladder,ceded,50,50,0,1.0,all_attempts_successful,False
short_stable_no_break,short,stable,False,none,regularized_poisson,ceded,50,50,0,1.0,all_attempts_successful,False
long_emerging_break,long,emerging,True,none,cashflow_uplift,gross,50,50,0,1.0,all_attempts_successful,False
long_emerging_break,long,emerging,True,none,chain_ladder,gross,50,50,0,1.0,all_attempts_successful,False
long_emerging_break,long,emerging,True,none,inflation_adjusted_chain_ladder,gross,50,50,0,1.0,all_attempts_successful,False
long_emerging_break,long,emerging,True,none,regularized_poisson,gross,50,50,0,1.0,all_attempts_successful,False
long_emerging_no_break,long,emerging,False,none,cashflow_uplift,gross,50,50,0,1.0,all_attempts_successful,False
long_emerging_no_break,long,emerging,False,none,chain_ladder,gross,50,50,0,1.0,all_attempts_successful,False
long_emerging_no_break,long,emerging,False,none,inflation_adjusted_chain_ladder,gross,50,50,0,1.0,all_attempts_successful,False
long_emerging_no_break,long,emerging,False,none,regularized_poisson,gross,50,50,0,1.0,all_attempts_successful,False
long_shock_break,long,shock,True,none,cashflow_uplift,gross,50,50,0,1.0,all_attempts_successful,False
long_shock_break,long,shock,True,none,chain_ladder,gross,50,50,0,1.0,all_attempts_successful,False
long_shock_break,long,shock,True,none,inflation_adjusted_chain_ladder,gross,50,50,0,1.0,all_attempts_successful,False
long_shock_break,long,shock,True,none,regularized_poisson,gross,50,50,0,1.0,all_attempts_successful,False
long_shock_no_break,long,shock,False,none,cashflow_uplift,gross,50,50,0,1.0,all_attempts_successful,False
long_shock_no_break,long,shock,False,none,chain_ladder,gross,50,50,0,1.0,all_attempts_successful,False
long_shock_no_break,long,shock,False,none,inflation_adjusted_chain_ladder,gross,50,50,0,1.0,all_attempts_successful,False
long_shock_no_break,long,shock,False,none,regularized_poisson,gross,50,50,0,1.0,all_attempts_successful,False
long_stable_break,long,stable,True,none,cashflow_uplift,gross,50,50,0,1.0,all_attempts_successful,False
long_stable_break,long,stable,True,none,chain_ladder,gross,50,50,0,1.0,all_attempts_successful,False
long_stable_break,long,stable,True,none,inflation_adjusted_chain_ladder,gross,50,50,0,1.0,all_attempts_successful,False
long_stable_break,long,stable,True,none,regularized_poisson,gross,50,50,0,1.0,all_attempts_successful,False
long_stable_no_break,long,stable,False,none,cashflow_uplift,gross,50,50,0,1.0,all_attempts_successful,False
long_stable_no_break,long,stable,False,none,chain_ladder,gross,50,50,0,1.0,all_attempts_successful,False
long_stable_no_break,long,stable,False,none,inflation_adjusted_chain_ladder,gross,50,50,0,1.0,all_attempts_successful,False
long_stable_no_break,long,stable,False,none,regularized_poisson,gross,50,50,0,1.0,all_attempts_successful,False
short_emerging_no_break,short,emerging,False,none,cashflow_uplift,gross,50,50,0,1.0,all_attempts_successful,False
short_emerging_no_break,short,emerging,False,none,chain_ladder,gross,50,50,0,1.0,all_attempts_successful,False
short_emerging_no_break,short,emerging,False,none,inflation_adjusted_chain_ladder,gross,50,50,0,1.0,all_attempts_successful,False
short_emerging_no_break,short,emerging,False,none,regularized_poisson,gross,50,50,0,1.0,all_attempts_successful,False
short_shock_no_break,short,shock,False,none,cashflow_uplift,gross,50,50,0,1.0,all_attempts_successful,False
short_shock_no_break,short,shock,False,none,chain_ladder,gross,50,50,0,1.0,all_attempts_successful,False
short_shock_no_break,short,shock,False,none,inflation_adjusted_chain_ladder,gross,50,50,0,1.0,all_attempts_successful,False
short_shock_no_break,short,shock,False,none,regularized_poisson,gross,50,50,0,1.0,all_attempts_successful,False
short_stable_no_break,short,stable,False,none,cashflow_uplift,gross,50,50,0,1.0,all_attempts_successful,False
short_stable_no_break,short,stable,False,none,chain_ladder,gross,50,50,0,1.0,all_attempts_successful,False
short_stable_no_break,short,stable,False,none,inflation_adjusted_chain_ladder,gross,50,50,0,1.0,all_attempts_successful,False
short_stable_no_break,short,stable,False,none,regularized_poisson,gross,50,50,0,1.0,all_attempts_successful,False
