scenario_id,tail_type,inflation_scenario,structural_break,clause_type,model,basis,attempts,successes,failures,success_rate,mean_runtime_seconds,mean_signed_error,mean_absolute_error,root_mean_squared_error,mean_percentage_error,mean_absolute_percentage_error,median_absolute_percentage_error,mean_normalised_error
long_emerging_break,long,emerging,True,none,cashflow_uplift,ceded,10,1,9,0.1,0.023908508000022265,160577534.65766335,160577534.65766335,160577534.65766335,53.67213135387252,53.67213135387252,53.67213135387252,0.5367213135387252
long_emerging_break,long,emerging,True,none,cashflow_uplift,gross,10,10,0,1.0,0.08389442329998928,486800896.91486424,486800896.91486424,490688609.15812486,73.96382010786826,73.96382010786826,72.99950682315021,0.7396382010786826
long_emerging_break,long,emerging,True,none,chain_ladder,ceded,10,1,9,0.1,0.015371117999984562,123487242.45550191,123487242.45550191,123487242.45550191,41.27491128649544,41.27491128649544,41.27491128649544,0.4127491128649544
long_emerging_break,long,emerging,True,none,chain_ladder,gross,10,10,0,1.0,0.047495486499883555,399173243.0233637,399173243.0233637,403062003.1953682,60.67617702622353,60.67617702622353,59.87133966716381,0.6067617702622352
long_emerging_break,long,emerging,True,none,inflation_adjusted_chain_ladder,ceded,10,1,9,0.1,0.04407179130012082,169953049.98554093,169953049.98554093,169953049.98554093,56.80584424379125,56.80584424379125,56.80584424379125,0.5680584424379125
long_emerging_break,long,emerging,True,none,inflation_adjusted_chain_ladder,gross,10,10,0,1.0,0.09779512989998693,489915764.4071228,489915764.4071228,494132309.3565717,74.47933048666515,74.47933048666515,72.68869989994582,0.7447933048666515
long_emerging_break,long,emerging,True,none,regularized_poisson,ceded,10,10,0,1.0,2.271884878500077,358101058.5315119,358101058.5315119,394163939.23298985,113.6928366795056,113.6928366795056,121.11049593179933,1.136928366795056
long_emerging_break,long,emerging,True,none,regularized_poisson,gross,10,10,0,1.0,2.7618554833999953,314215087.57591975,314215087.57591975,330066144.3037567,47.66204896074594,47.66204896074594,46.87894168671207,0.47662048960745934
long_emerging_no_break,long,emerging,False,none,cashflow_uplift,ceded,10,0,10,0.0,0.03048717769997893,,,,,,,
long_emerging_no_break,long,emerging,False,none,cashflow_uplift,gross,10,10,0,1.0,0.10423552390011537,15575648.539127016,36347512.56385724,44515235.40288574,1.8976893320397532,4.29006881907903,4.06450863064305,0.01897689332039753
long_emerging_no_break,long,emerging,False,none,chain_ladder,ceded,10,0,10,0.0,0.0191919884001436,,,,,,,
long_emerging_no_break,long,emerging,False,none,chain_ladder,gross,10,10,0,1.0,0.062247396999919144,-50072725.57382959,55305086.284676634,63770900.90796765,-5.708839634514284,6.356398643543869,6.1179397925349,-0.057088396345142844
long_emerging_no_break,long,emerging,False,none,inflation_adjusted_chain_ladder,ceded,10,0,10,0.0,0.05526816070005225,,,,,,,
long_emerging_no_break,long,emerging,False,none,inflation_adjusted_chain_ladder,gross,10,10,0,1.0,0.12455260970009477,5153644.834915614,39908986.0347542,45425008.037661515,0.7089256734126393,4.680010521194896,4.308321577038603,0.007089256734126394
long_emerging_no_break,long,emerging,False,none,regularized_poisson,ceded,10,10,0,1.0,2.1505800280000584,123847728.55327335,185834196.9559067,208210690.20580077,29.24903454674603,44.638846739641856,45.95958766113024,0.29249034546746033
long_emerging_no_break,long,emerging,False,none,regularized_poisson,gross,10,10,0,1.0,2.9240843749000307,-61803280.86943208,76554937.43235329,86527170.3944718,-7.003025221779906,8.82869601042162,8.878716500131967,-0.07003025221779904
long_shock_break,long,shock,True,none,cashflow_uplift,ceded,10,1,9,0.1,0.02576093909992778,189291715.51556212,189291715.51556212,189291715.51556212,50.6867329681465,50.6867329681465,50.6867329681465,0.506867329681465
long_shock_break,long,shock,True,none,cashflow_uplift,gross,10,10,0,1.0,0.07930699870012177,555402288.5713699,555402288.5713699,559694280.3045053,75.00072279535132,75.00072279535132,74.25787761232806,0.7500072279535132
long_shock_break,long,shock,True,none,chain_ladder,ceded,10,1,9,0.1,0.015537909099839453,128932909.13640594,128932909.13640594,128932909.13640594,34.52442658889649,34.52442658889649,34.52442658889649,0.3452442658889649
long_shock_break,long,shock,True,none,chain_ladder,gross,10,10,0,1.0,0.04320386570007031,423554128.4692744,423554128.4692744,427877262.8261765,57.22853468742956,57.22853468742956,56.64920579659227,0.5722853468742957
long_shock_break,long,shock,True,none,inflation_adjusted_chain_ladder,ceded,10,1,9,0.1,0.04690729020003346,186763276.5821131,186763276.5821131,186763276.5821131,50.00969166870589,50.00969166870589,50.00969166870589,0.5000969166870589
long_shock_break,long,shock,True,none,inflation_adjusted_chain_ladder,gross,10,10,0,1.0,0.10503062440020586,552235333.435008,552235333.435008,556987139.9028426,74.63583364504659,74.63583364504659,72.84225497912458,0.746358336450466
long_shock_break,long,shock,True,none,regularized_poisson,ceded,10,10,0,1.0,2.2090345270999023,365570227.74160945,365570227.74160945,388276764.2452912,94.11452533193979,94.11452533193979,91.86691911743615,0.941145253319398
long_shock_break,long,shock,True,none,regularized_poisson,gross,10,10,0,1.0,2.48456424040005,433199545.95003223,433199545.95003223,450141087.78158814,58.41652689152786,58.41652689152786,61.28592334997494,0.5841652689152785
long_shock_no_break,long,shock,False,none,cashflow_uplift,ceded,10,0,10,0.0,0.01733858580000742,,,,,,,
long_shock_no_break,long,shock,False,none,cashflow_uplift,gross,10,10,0,1.0,0.07733111710003868,21260822.30749774,40158261.73311307,50512405.082178935,2.2743120447251948,4.222058987324337,3.585883230911965,0.02274312044725195
long_shock_no_break,long,shock,False,none,chain_ladder,ceded,10,0,10,0.0,0.011872575899906224,,,,,,,
long_shock_no_break,long,shock,False,none,chain_ladder,gross,10,10,0,1.0,0.04343264029994316,-77929548.09945208,79242588.75042623,88897760.77310678,-7.934106602336209,8.078465335016265,8.26507726536674,-0.07934106602336208
long_shock_no_break,long,shock,False,none,inflation_adjusted_chain_ladder,ceded,10,0,10,0.0,0.03988289499993698,,,,,,,
long_shock_no_break,long,shock,False,none,inflation_adjusted_chain_ladder,gross,10,10,0,1.0,0.09366315750003196,5811410.903669501,44965733.680736974,51187204.76803009,0.7101877007364867,4.684107941628699,4.310290633511199,0.007101877007364867
long_shock_no_break,long,shock,False,none,regularized_poisson,ceded,10,10,0,1.0,2.7826065292998465,59228329.54975684,147767417.1912049,165052164.85030386,11.210044617295939,28.886655232484696,28.61538216905508,0.1121004461729594
long_shock_no_break,long,shock,False,none,regularized_poisson,gross,10,10,0,1.0,2.379683048900006,-12176663.335298264,45772555.749975525,60235260.97160472,-1.2161356339268332,4.834713478213723,3.444380299411633,-0.012161356339268329
long_stable_break,long,stable,True,none,cashflow_uplift,ceded,10,1,9,0.1,0.0266337803001079,126909637.66601852,126909637.66601852,126909637.66601852,56.25639552560854,56.25639552560854,56.25639552560854,0.5625639552560854
long_stable_break,long,stable,True,none,cashflow_uplift,gross,10,10,0,1.0,0.0856718138999895,389586861.5177201,389586861.5177201,392939381.1800687,67.6296574582559,67.6296574582559,66.70278861523613,0.6762965745825591
long_stable_break,long,stable,True,none,chain_ladder,ceded,10,1,9,0.1,0.02199864500007607,126909637.66601858,126909637.66601858,126909637.66601858,56.25639552560857,56.25639552560857,56.25639552560857,0.5625639552560857
long_stable_break,long,stable,True,none,chain_ladder,gross,10,10,0,1.0,0.07175416219997714,389586861.5177201,389586861.5177201,392939381.1800687,67.6296574582559,67.6296574582559,66.70278861523613,0.6762965745825591
long_stable_break,long,stable,True,none,inflation_adjusted_chain_ladder,ceded,10,1,9,0.1,0.051502591899952675,145392905.61003807,145392905.61003807,145392905.61003807,64.44964271461208,64.44964271461208,64.44964271461208,0.6444964271461209
long_stable_break,long,stable,True,none,inflation_adjusted_chain_ladder,gross,10,10,0,1.0,0.1229056553999726,407267621.10254514,407267621.10254514,410822905.41046596,70.72338153400425,70.72338153400425,69.14056763145803,0.7072338153400425
long_stable_break,long,stable,True,none,regularized_poisson,ceded,10,10,0,1.0,2.2029703897001127,261184356.41862577,261184356.41862577,285945317.3604045,109.0307555263156,109.0307555263156,115.27221118354691,1.090307555263156
long_stable_break,long,stable,True,none,regularized_poisson,gross,10,10,0,1.0,2.6999352352000643,357418589.5290427,357418589.5290427,370003985.60386956,62.13407861451792,62.13407861451792,64.13221490364592,0.6213407861451793
long_stable_no_break,long,stable,False,none,cashflow_uplift,ceded,10,0,10,0.0,0.0182895831998394,,,,,,,
long_stable_no_break,long,stable,False,none,cashflow_uplift,gross,10,10,0,1.0,0.08556470740013537,1797475.049919343,30749015.180983115,34985643.73815665,0.32998395228919375,4.209142684173534,3.397071937038332,0.003299839522891936
long_stable_no_break,long,stable,False,none,chain_ladder,ceded,10,0,10,0.0,0.01172015329984788,,,,,,,
long_stable_no_break,long,stable,False,none,chain_ladder,gross,10,10,0,1.0,0.04480280159978065,1797475.049919355,30749015.180983104,34985643.73815664,0.32998395228919514,4.209142684173533,3.397071937038325,0.003299839522891951
long_stable_no_break,long,stable,False,none,inflation_adjusted_chain_ladder,ceded,10,0,10,0.0,0.047051451499919496,,,,,,,
long_stable_no_break,long,stable,False,none,inflation_adjusted_chain_ladder,gross,10,10,0,1.0,0.1028525774998343,4198466.276948881,33259911.30200069,37716914.61214412,0.6680904383061014,4.540343945582532,4.1611471544067316,0.006680904383061015
long_stable_no_break,long,stable,False,none,regularized_poisson,ceded,10,10,0,1.0,1.9796382067998821,81075309.97539818,125727136.78202352,139059365.90719786,25.866680420613694,40.73497246453741,38.43567229277387,0.25866680420613686
long_stable_no_break,long,stable,False,none,regularized_poisson,gross,10,10,0,1.0,2.13920042639993,21529056.863422513,60152430.328319594,68522550.33369747,3.1453300392132313,8.269964026434364,7.660638366394318,0.03145330039213231
short_emerging_no_break,short,emerging,False,none,cashflow_uplift,ceded,10,10,0,1.0,0.053199154299818474,-4939460.974211703,11059532.773418251,14161375.347256161,-7.540919255262476,16.437232146026624,14.321350036219446,-0.07540919255262477
short_emerging_no_break,short,emerging,False,none,cashflow_uplift,gross,10,10,0,1.0,0.05187697989995286,-722872.0277406812,10263685.251532454,11151498.833975073,0.2970442498312697,8.421399337506632,8.066085375961244,0.002970442498312692
short_emerging_no_break,short,emerging,False,none,chain_ladder,ceded,10,10,0,1.0,0.03329665399987789,-6861415.87652729,11380776.648755638,14540071.143375326,-10.399906029071166,16.936966804397624,14.98342547076176,-0.10399906029071164
short_emerging_no_break,short,emerging,False,none,chain_ladder,gross,10,10,0,1.0,0.03254594410009304,-4155591.559856139,10700710.45654486,11912755.038833985,-2.551408449255028,8.524884960841812,9.065524478082843,-0.025514084492550278
short_emerging_no_break,short,emerging,False,none,inflation_adjusted_chain_ladder,ceded,10,10,0,1.0,0.07002495980004823,-5524574.23206858,11250734.33061558,14141778.403421165,-8.450491687276093,16.716681632330236,16.505093680871305,-0.08450491687276093
short_emerging_no_break,short,emerging,False,none,inflation_adjusted_chain_ladder,gross,10,10,0,1.0,0.06657520559983823,-1421926.7004156872,10642380.773984622,11397543.385249732,-0.2458848331979991,8.7183363468745,8.126079303805733,-0.0024588483319799943
short_emerging_no_break,short,emerging,False,none,regularized_poisson,ceded,10,10,0,1.0,1.887655665300008,999018.6424582072,9796114.266608821,13530128.452674039,1.4684741157597694,14.606223026573634,9.600489064313422,0.014684741157597691
short_emerging_no_break,short,emerging,False,none,regularized_poisson,gross,10,10,0,1.0,1.9813444876000177,7351672.220247082,16053516.127009515,19610560.309581876,7.053922078036486,14.3526252197573,11.119720419320808,0.07053922078036483
short_shock_no_break,short,shock,False,none,cashflow_uplift,ceded,10,10,0,1.0,0.0516793537999547,-5244026.843270468,13845137.52921685,17106796.25083825,-6.212344655742038,16.194466938455953,12.187886585376239,-0.06212344655742037
short_shock_no_break,short,shock,False,none,cashflow_uplift,gross,10,10,0,1.0,0.051061915999980556,-668516.8514113635,11530798.430383176,12557232.38392046,0.40136815513722884,8.445920143202187,8.163047004726456,0.004013681551372286
short_shock_no_break,short,shock,False,none,chain_ladder,ceded,10,10,0,1.0,0.04484229180006878,-9565121.5220582,14313658.138104673,18095217.337537296,-11.235481435994734,16.713506632529615,16.70831555814447,-0.11235481435994735
short_shock_no_break,short,shock,False,none,chain_ladder,gross,10,10,0,1.0,0.04735044209992338,-7447754.213782807,12614189.798768196,14648482.842063673,-4.617125151468395,8.813118508920207,9.23833005547204,-0.04617125151468395
short_shock_no_break,short,shock,False,none,inflation_adjusted_chain_ladder,ceded,10,10,0,1.0,0.08034594620003191,-7108342.508222324,13805465.80100069,17062490.202722453,-8.459224825194454,16.108014652952107,14.690608661759041,-0.08459224825194453
short_shock_no_break,short,shock,False,none,inflation_adjusted_chain_ladder,gross,10,10,0,1.0,0.08828147540007195,-1589495.8745130762,11946915.01126686,12795076.688083328,-0.240299574090212,8.730066950141305,8.120205735755265,-0.002402995740902118
short_shock_no_break,short,shock,False,none,regularized_poisson,ceded,10,10,0,1.0,2.0701818145998914,-1939622.0068799406,11474782.831554975,14634224.39271227,-2.3475029336258944,13.455502402173902,11.527366268312836,-0.023475029336258956
short_shock_no_break,short,shock,False,none,regularized_poisson,gross,10,10,0,1.0,2.2340191420001245,5949437.292676857,15628260.490995983,18825429.799067467,5.389071316721819,12.319781642063656,8.365638546191906,0.053890713167218184
short_stable_no_break,short,stable,False,none,cashflow_uplift,ceded,10,10,0,1.0,0.05686034259997541,-4168304.8405597196,9491742.752272904,11895698.609255958,-7.962420279791798,17.853694910565928,17.29306547188636,-0.07962420279791797
short_stable_no_break,short,stable,False,none,cashflow_uplift,gross,10,10,0,1.0,0.0749595789000523,-1254401.5699433207,9192840.90988483,10018138.45134544,-0.27004218537169145,8.32362484465668,8.01094963946684,-0.0027004218537169137
short_stable_no_break,short,stable,False,none,chain_ladder,ceded,10,10,0,1.0,0.033468069800073864,-4168304.8405597196,9491742.752272904,11895698.609255958,-7.962420279791798,17.853694910565928,17.29306547188636,-0.07962420279791797
short_stable_no_break,short,stable,False,none,chain_ladder,gross,10,10,0,1.0,0.03500976520008407,-1254401.5699433207,9192840.90988483,10018138.45134544,-0.27004218537169145,8.32362484465668,8.01094963946684,-0.0027004218537169137
short_stable_no_break,short,stable,False,none,inflation_adjusted_chain_ladder,ceded,10,10,0,1.0,0.08957767459987735,-4035616.3454332687,9682564.890145581,11862702.972233437,-7.718461893469171,18.196816631609313,19.4742508432741,-0.07718461893469171
short_stable_no_break,short,stable,False,none,inflation_adjusted_chain_ladder,gross,10,10,0,1.0,0.07904096989987011,-1290849.243210581,9531346.87711002,10206127.633829653,-0.2646827049048722,8.668846195560292,8.137182812709831,-0.002646827049048721
short_stable_no_break,short,stable,False,none,regularized_poisson,ceded,10,10,0,1.0,1.9877043326999229,5748502.665316226,10193473.500956243,12176312.538300207,11.717946698554378,19.612133647094712,17.194372807874828,0.1171794669855438
short_stable_no_break,short,stable,False,none,regularized_poisson,gross,10,10,0,1.0,2.0524230498999714,8894687.6495791,13709694.502489757,15011975.164191842,9.684525886176676,13.191622178371915,12.656715421162453,0.09684525886176676
