scenario_id,basis,model,prior_multiplier,attempted_fits,successful_fits,success_rate,mean_percentage_error,median_percentage_error,mean_absolute_percentage_error,RMSE,percentage_error_std,mean_runtime_seconds,baseline_mean_percentage_error,baseline_mean_absolute_percentage_error,baseline_RMSE,difference_in_MPE_vs_1_00,difference_in_MAPE_vs_1_00,difference_in_RMSE_vs_1_00
long_emerging_break,ceded,bornhuetter_ferguson_break_aware,0.8,50,50,1.0,-56.11989674410812,-56.119264012357206,56.11989674410812,183265783.95055062,3.554551728839259,0.0038198660004127305,-45.14987093013515,45.14987093013515,148631957.5404845,-10.970025813972967,10.970025813972967,34633826.41006613
long_emerging_break,ceded,bornhuetter_ferguson_break_aware,0.9,50,50,1.0,-50.634883837121635,-50.63417201390185,50.634883837121635,165926240.63612244,3.9988706949441672,0.003850830000737915,-45.14987093013515,45.14987093013515,148631957.5404845,-5.4850129069864835,5.4850129069864835,17294283.095637947
long_emerging_break,ceded,bornhuetter_ferguson_break_aware,1.0,50,50,1.0,-45.14987093013515,-45.1490800154465,45.14987093013515,148631957.5404845,4.443189661049075,0.00392175999993924,-45.14987093013515,45.14987093013515,148631957.5404845,0.0,0.0,0.0
long_emerging_break,ceded,bornhuetter_ferguson_break_aware,1.1,50,50,1.0,-39.66485802314865,-39.663988016991155,39.66485802314865,131400806.61491328,4.887508627153984,0.010457013999402989,-45.14987093013515,45.14987093013515,148631957.5404845,5.485012906986498,-5.485012906986498,-17231150.925571203
long_emerging_break,ceded,bornhuetter_ferguson_break_aware,1.2,50,50,1.0,-34.17984511616217,-34.178896018535795,34.17984511616217,114261353.31701946,5.3318275932588906,0.004052124000736512,-45.14987093013515,45.14987093013515,148631957.5404845,10.970025813972981,-10.970025813972981,-34370604.223465025
long_emerging_break,ceded,bornhuetter_ferguson_standard,0.8,50,50,1.0,-44.10619265620066,-44.105386692131276,44.10619265620066,145347694.62440082,4.527733865317045,0.00393817200063495,-30.132740820250845,30.132740820250845,101700976.36491627,-13.973451835949817,13.973451835949817,43646718.25948456
long_emerging_break,ceded,bornhuetter_ferguson_standard,0.9,50,50,1.0,-37.11946673822576,-37.11856002864768,37.11946673822576,123433295.42049836,5.093700598481676,0.0038343419994635044,-30.132740820250845,30.132740820250845,101700976.36491627,-6.9867259179749155,6.9867259179749155,21732319.05558209
long_emerging_break,ceded,bornhuetter_ferguson_standard,1.0,50,50,1.0,-30.132740820250845,-30.131733365164095,30.132740820250845,101700976.36491627,5.659667331646307,0.0038251059989852366,-30.132740820250845,30.132740820250845,101700976.36491627,0.0,0.0,0.0
long_emerging_break,ceded,bornhuetter_ferguson_standard,1.1,50,50,1.0,-23.14601490227593,-23.1449067016805,23.14601490227593,80298710.1905614,6.2256340648109365,0.0038754580001113936,-30.132740820250845,30.132740820250845,101700976.36491627,6.9867259179749155,-6.9867259179749155,-21402266.174354866
long_emerging_break,ceded,bornhuetter_ferguson_standard,1.2,50,50,1.0,-16.15928898430102,-16.158080038196914,16.21328603452559,59583229.288412735,6.791600797975567,0.003994776000326965,-30.132740820250845,30.132740820250845,101700976.36491627,13.973451835949824,-13.919454785725254,-42117747.07650353
long_emerging_break,ceded,expected_loss,0.8,50,50,1.0,-23.008635017951857,-23.877358383136176,23.008635017951857,83916045.10857134,9.769423566698745,0.00883455400064122,7.638529929291125,11.557521295802424,44147085.54034068,-30.64716494724298,11.451113722149433,39768959.56823066
long_emerging_break,ceded,expected_loss,0.9,50,50,1.0,-8.047725660431015,-9.023525264545437,11.856381723916439,46658371.896044,11.283158976107933,0.00878772599986405,7.638529929291125,11.557521295802424,44147085.54034068,-15.68625558972214,0.2988604281140148,2511286.355703324
long_emerging_break,ceded,expected_loss,1.0,50,50,1.0,7.638529929291125,6.754889589278417,11.557521295802424,44147085.54034068,12.678928196821888,0.008804793999879622,7.638529929291125,11.557521295802424,44147085.54034068,0.0,0.0,0.0
long_emerging_break,ceded,expected_loss,1.1,50,50,1.0,23.94707427323515,23.288324835178642,23.94707427323515,83741275.354579,14.003348595771433,0.008773448000283679,7.638529929291125,11.557521295802424,44147085.54034068,16.308544343944025,12.389552977432725,39594189.814238325
long_emerging_break,ceded,expected_loss,1.2,50,50,1.0,40.62951039212158,40.24240325837853,40.62951039212158,133476878.56135468,15.351399549710145,0.009267116000410169,7.638529929291125,11.557521295802424,44147085.54034068,32.99098046283046,29.071989096319157,89329793.021014
long_emerging_break,gross,bornhuetter_ferguson_break_aware,0.8,50,50,1.0,-41.60959438293916,-41.833951489938556,41.60959438293916,287595813.04035825,4.551607423221491,0.004202764000365278,-27.011992978673963,27.011992978673963,192126426.98140973,-14.597601404265195,14.597601404265195,95469386.05894852
long_emerging_break,gross,bornhuetter_ferguson_break_aware,0.9,50,50,1.0,-34.31079368080656,-34.56319542618088,34.31079368080656,239619675.74302214,5.120558351124178,0.003777573999541346,-27.011992978673963,27.011992978673963,192126426.98140973,-7.298800702132599,7.298800702132599,47493248.761612415
long_emerging_break,gross,bornhuetter_ferguson_break_aware,1.0,50,50,1.0,-27.011992978673963,-27.292439362423202,27.011992978673963,192126426.98140973,5.689509279026866,0.0037655960000120103,-27.011992978673963,27.011992978673963,192126426.98140973,0.0,0.0,0.0
long_emerging_break,gross,bornhuetter_ferguson_break_aware,1.1,50,50,1.0,-19.713192276541356,-20.021683298665522,19.713192276541356,145589410.6818912,6.258460206929551,0.0038657080003758892,-27.011992978673963,27.011992978673963,192126426.98140973,7.298800702132606,-7.298800702132606,-46537016.299518526
long_emerging_break,gross,bornhuetter_ferguson_break_aware,1.2,50,50,1.0,-12.41439157440875,-12.75092723490784,12.698720840548098,101334725.92040357,6.827411134832238,0.003950437999883434,-27.011992978673963,27.011992978673963,192126426.98140973,14.597601404265212,-14.313272138125864,-90791701.06100616
long_emerging_break,gross,bornhuetter_ferguson_standard,0.8,50,50,1.0,-23.409264221669474,-23.703553595421663,23.409264221669474,168986456.43958065,5.9703466320293215,0.0038684379996266217,-4.261580277086843,7.065145290390937,61029246.22087154,-19.14768394458263,16.344118931278537,107957210.21870911
long_emerging_break,gross,bornhuetter_ferguson_standard,0.9,50,50,1.0,-13.83542224937815,-14.166497794849363,13.95609679633313,109639607.55683076,6.716639961032988,0.003908562001161044,-4.261580277086843,7.065145290390937,61029246.22087154,-9.573841972291307,6.890951505942192,48610361.335959226
long_emerging_break,gross,bornhuetter_ferguson_standard,1.0,50,50,1.0,-4.261580277086843,-4.629441994277079,7.065145290390937,61029246.22087154,7.462933290036651,0.003950137999781873,-4.261580277086843,7.065145290390937,61029246.22087154,0.0,0.0,0.0
long_emerging_break,gross,bornhuetter_ferguson_standard,1.1,50,50,1.0,5.31226169520448,4.907613806295222,7.6437190561719195,60560701.01329707,8.209226619040317,0.003818733999505639,-4.261580277086843,7.065145290390937,61029246.22087154,9.573841972291323,0.5785737657809822,-468545.2075744644
long_emerging_break,gross,bornhuetter_ferguson_standard,1.2,50,50,1.0,14.88610366749577,14.444669606867485,15.017145127971236,108857394.714454,8.955519948043982,0.004151573999988614,-4.261580277086843,7.065145290390937,61029246.22087154,19.14768394458261,7.951999837580299,47828148.49358246
long_emerging_break,gross,expected_loss,0.8,50,50,1.0,-34.208202732884814,-34.314570100485255,34.208202732884814,245939208.74691662,8.8775786061486,0.008892483999516117,11.02957703123399,14.505552325594927,112731991.9072622,-45.237779764118805,19.702650407289887,133207216.83965442
long_emerging_break,gross,expected_loss,0.9,50,50,1.0,-13.510494791435896,-14.64481093815367,15.118513067883065,125880009.47973292,11.542098325230196,0.008826775999477832,11.02957703123399,14.505552325594927,112731991.9072622,-24.540071822669887,0.6129607422881378,13148017.57247071
long_emerging_break,gross,expected_loss,1.0,50,50,1.0,11.02957703123399,11.132766037800593,14.505552325594927,112731991.9072622,14.329710887642058,0.008969571999477921,11.02957703123399,14.505552325594927,112731991.9072622,0.0,0.0,0.0
long_emerging_break,gross,expected_loss,1.1,50,50,1.0,38.05886235016644,39.52920967752686,38.05886235016644,267580993.05811188,16.97102492198857,0.008789387999713653,11.02957703123399,14.505552325594927,112731991.9072622,27.029285318932452,23.553310024571516,154849001.15084967
long_emerging_break,gross,expected_loss,1.2,50,50,1.0,67.47570502889259,70.16906392455951,67.47570502889259,458098522.46174836,19.29837669760856,0.009138915999792517,11.02957703123399,14.505552325594927,112731991.9072622,56.4461279976586,52.970152703297664,345366530.55448616
long_emerging_no_break,ceded,bornhuetter_ferguson_break_aware,0.8,50,50,1.0,-50.780039601464274,-51.12595361097493,50.780039601464274,220320897.49232164,3.776463777497787,0.0038720320000720674,-38.475049501830355,38.475049501830355,168849656.9565923,-12.304990099633919,12.304990099633919,51471240.53572935
long_emerging_no_break,ceded,bornhuetter_ferguson_break_aware,0.9,50,50,1.0,-44.62754455164732,-45.01669781234679,44.62754455164732,194535839.8320065,4.248521749685012,0.003855380000459263,-38.475049501830355,38.475049501830355,168849656.9565923,-6.152495049816963,6.152495049816963,25686182.875414222
long_emerging_no_break,ceded,bornhuetter_ferguson_break_aware,1.0,50,50,1.0,-38.475049501830355,-38.90744201371866,38.475049501830355,168849656.9565923,4.720579721872235,0.0037549639999633656,-38.475049501830355,38.475049501830355,168849656.9565923,0.0,0.0,0.0
long_emerging_no_break,ceded,bornhuetter_ferguson_break_aware,1.1,50,50,1.0,-32.322554452013385,-32.79818621509051,32.322554452013385,143315522.17909414,5.192637694059459,0.0037967700001900083,-38.475049501830355,38.475049501830355,168849656.9565923,6.15249504981697,-6.15249504981697,-25534134.777498156
long_emerging_no_break,ceded,bornhuetter_ferguson_break_aware,1.2,50,50,1.0,-26.17005940219643,-26.68893041646239,26.17005940219643,118032155.40041097,5.664695666246681,0.0037528339998971205,-38.475049501830355,38.475049501830355,168849656.9565923,12.304990099633926,-12.304990099633926,-50817501.55618133
long_emerging_no_break,ceded,bornhuetter_ferguson_standard,0.8,50,50,1.0,-50.780039601464274,-51.12595361097493,50.780039601464274,220320897.49232164,3.776463777497787,0.0044790540004032665,-38.475049501830355,38.475049501830355,168849656.9565923,-12.304990099633919,12.304990099633919,51471240.53572935
long_emerging_no_break,ceded,bornhuetter_ferguson_standard,0.9,50,50,1.0,-44.62754455164732,-45.01669781234679,44.62754455164732,194535839.8320065,4.248521749685012,0.006543925999867497,-38.475049501830355,38.475049501830355,168849656.9565923,-6.152495049816963,6.152495049816963,25686182.875414222
long_emerging_no_break,ceded,bornhuetter_ferguson_standard,1.0,50,50,1.0,-38.475049501830355,-38.90744201371866,38.475049501830355,168849656.9565923,4.720579721872235,0.003913536000181921,-38.475049501830355,38.475049501830355,168849656.9565923,0.0,0.0,0.0
long_emerging_no_break,ceded,bornhuetter_ferguson_standard,1.1,50,50,1.0,-32.322554452013385,-32.79818621509051,32.322554452013385,143315522.17909414,5.192637694059459,0.003968597999919439,-38.475049501830355,38.475049501830355,168849656.9565923,6.15249504981697,-6.15249504981697,-25534134.777498156
long_emerging_no_break,ceded,bornhuetter_ferguson_standard,1.2,50,50,1.0,-26.17005940219643,-26.68893041646239,26.17005940219643,118032155.40041097,5.664695666246681,0.0038826620002510026,-38.475049501830355,38.475049501830355,168849656.9565923,12.304990099633926,-12.304990099633926,-50817501.55618133
long_emerging_no_break,ceded,expected_loss,0.8,50,50,1.0,-21.141906509704672,-21.857558582055923,21.141906509704672,100882041.81450556,8.197122302518974,0.008889809999527643,5.75957669405143,9.489885353018945,47304622.22184725,-26.9014832037561,11.652021156685727,53577419.59265831
long_emerging_no_break,ceded,expected_loss,0.9,50,50,1.0,-7.908576422281644,-8.345447178787467,10.440753232315556,54996017.67921306,9.334384291759335,0.008858547999698202,5.75957669405143,9.489885353018945,47304622.22184725,-13.668153116333073,0.9508678792966112,7691395.457365811
long_emerging_no_break,ceded,expected_loss,1.0,50,50,1.0,5.75957669405143,5.009607558683003,9.489885353018945,47304622.22184725,10.44690868495084,0.008767217999702552,5.75957669405143,9.489885353018945,47304622.22184725,0.0,0.0,0.0
long_emerging_no_break,ceded,expected_loss,1.1,50,50,1.0,19.775821465594554,18.909675512441986,19.775821465594554,91684491.33067125,11.560662117368157,0.008871306000219192,5.75957669405143,9.489885353018945,47304622.22184725,14.016244771543125,10.285936112575609,44379869.108824
long_emerging_no_break,ceded,expected_loss,1.2,50,50,1.0,34.050792204844036,33.620057790026856,34.050792204844036,148181348.48947835,12.700569944794676,0.00877517400018405,5.75957669405143,9.489885353018945,47304622.22184725,28.291215510792608,24.56090685182509,100876726.2676311
long_emerging_no_break,gross,bornhuetter_ferguson_break_aware,0.8,50,50,1.0,-36.92194897470809,-37.18475562142471,36.92194897470809,333014306.35443026,4.530478663139983,0.0038426299995626325,-21.152436218385105,21.152436218385105,199188931.17965123,-15.769512756322982,15.769512756322982,133825375.17477903
long_emerging_no_break,gross,bornhuetter_ferguson_break_aware,0.9,50,50,1.0,-29.037192596546607,-29.332850074102815,29.037192596546607,265583361.5543465,5.096788496032481,0.003863425999006722,-21.152436218385105,21.152436218385105,199188931.17965123,-7.8847563781615015,7.8847563781615015,66394430.37469527
long_emerging_no_break,gross,bornhuetter_ferguson_break_aware,1.0,50,50,1.0,-21.152436218385105,-21.480944526780895,21.152436218385105,199188931.17965123,5.663098328924979,0.003899705999501748,-21.152436218385105,21.152436218385105,199188931.17965123,0.0,0.0,0.0
long_emerging_no_break,gross,bornhuetter_ferguson_break_aware,1.1,50,50,1.0,-13.267679840223607,-13.62903897945898,13.399608113679712,135364889.63788825,6.229408161817478,0.003887628000229597,-21.152436218385105,21.152436218385105,199188931.17965123,7.884756378161498,-7.752828104705394,-63824041.54176298
long_emerging_no_break,gross,bornhuetter_ferguson_break_aware,1.2,50,50,1.0,-5.382923462062123,-5.777133432137072,7.10537120124574,80478513.0395949,6.7957179947099755,0.003832455999654485,-21.152436218385105,21.152436218385105,199188931.17965123,15.769512756322982,-14.047065017139365,-118710418.14005633
long_emerging_no_break,gross,bornhuetter_ferguson_standard,0.8,50,50,1.0,-36.92194897470809,-37.18475562142471,36.92194897470809,333014306.35443026,4.530478663139983,0.003940545999503229,-21.152436218385105,21.152436218385105,199188931.17965123,-15.769512756322982,15.769512756322982,133825375.17477903
long_emerging_no_break,gross,bornhuetter_ferguson_standard,0.9,50,50,1.0,-29.037192596546607,-29.332850074102815,29.037192596546607,265583361.5543465,5.096788496032481,0.003817629999684868,-21.152436218385105,21.152436218385105,199188931.17965123,-7.8847563781615015,7.8847563781615015,66394430.37469527
long_emerging_no_break,gross,bornhuetter_ferguson_standard,1.0,50,50,1.0,-21.152436218385105,-21.480944526780895,21.152436218385105,199188931.17965123,5.663098328924979,0.00378099800014752,-21.152436218385105,21.152436218385105,199188931.17965123,0.0,0.0,0.0
long_emerging_no_break,gross,bornhuetter_ferguson_standard,1.1,50,50,1.0,-13.267679840223607,-13.62903897945898,13.399608113679712,135364889.63788825,6.229408161817478,0.003840278001007391,-21.152436218385105,21.152436218385105,199188931.17965123,7.884756378161498,-7.752828104705394,-63824041.54176298
long_emerging_no_break,gross,bornhuetter_ferguson_standard,1.2,50,50,1.0,-5.382923462062123,-5.777133432137072,7.10537120124574,80478513.0395949,6.7957179947099755,0.003812945999961812,-21.152436218385105,21.152436218385105,199188931.17965123,15.769512756322982,-14.047065017139365,-118710418.14005633
long_emerging_no_break,gross,expected_loss,0.8,50,50,1.0,-30.747191355144327,-31.131800685820984,30.747191355144327,287908635.4939316,8.092032337605065,0.008932563999696868,7.853546416016386,11.663391457047329,117185510.43418084,-38.600737771160716,19.083799898097,170723125.05975074
long_emerging_no_break,gross,expected_loss,0.9,50,50,1.0,-12.57644464855669,-13.128759378051113,13.650260469278791,148470058.4532672,10.047492716821557,0.008818928000400773,7.853546416016386,11.663391457047329,117185510.43418084,-20.429991064573077,1.9868690122314625,31284548.019086346
long_emerging_no_break,gross,expected_loss,1.0,50,50,1.0,7.853546416016386,7.9656723014544575,11.663391457047329,117185510.43418084,12.04085321971686,0.00880957399989711,7.853546416016386,11.663391457047329,117185510.43418084,0.0,0.0,0.0
long_emerging_no_break,gross,expected_loss,1.1,50,50,1.0,29.970356589387716,31.00075666070947,29.970356589387716,276308610.6508007,13.933800722177518,0.008865437999193091,7.853546416016386,11.663391457047329,117185510.43418084,22.11681017337133,18.306965132340387,159123100.21661985
long_emerging_no_break,gross,expected_loss,1.2,50,50,1.0,53.70770197958303,55.341887315896216,53.70770197958303,475800502.1141379,15.651706588992626,0.008750029999937396,7.853546416016386,11.663391457047329,117185510.43418084,45.85415556356664,42.044310522535696,358614991.67995703
long_shock_break,ceded,bornhuetter_ferguson_break_aware,0.8,50,50,1.0,-56.27122468573957,-56.479022205675264,56.27122468573957,226433767.91121706,3.3471606896768376,0.004604762000381016,-45.339030857174464,45.339030857174464,183736171.0332292,-10.932193828565104,10.932193828565104,42697596.87798786
long_shock_break,ceded,bornhuetter_ferguson_break_aware,0.9,50,50,1.0,-50.805127771457016,-51.03889998138469,50.805127771457016,205060479.68382844,3.765555775886441,0.0037559239998518025,-45.339030857174464,45.339030857174464,183736171.0332292,-5.466096914282552,5.466096914282552,21324308.65059924
long_shock_break,ceded,bornhuetter_ferguson_break_aware,1.0,50,50,1.0,-45.339030857174464,-45.59877775709409,45.339030857174464,183736171.0332292,4.183950862096046,0.003740382000542013,-45.339030857174464,45.339030857174464,183736171.0332292,0.0,0.0,0.0
long_shock_break,ceded,bornhuetter_ferguson_break_aware,1.1,50,50,1.0,-39.872933942891905,-40.15865553280349,39.872933942891905,162480127.7197974,4.6023459483056515,0.003802021999581484,-45.339030857174464,45.339030857174464,183736171.0332292,5.466096914282559,-5.466096914282559,-21256043.3134318
long_shock_break,ceded,bornhuetter_ferguson_break_aware,1.2,50,50,1.0,-34.40683702860936,-34.71853330851291,34.40683702860936,141323155.92934757,5.020741034515256,0.00376890400017146,-45.339030857174464,45.339030857174464,183736171.0332292,10.932193828565104,-10.932193828565104,-42413015.10388163
long_shock_break,ceded,bornhuetter_ferguson_standard,0.8,50,50,1.0,-44.67106222239681,-44.933983284517495,44.67106222239681,181134493.20240143,4.235079628913711,0.003818319999700179,-30.838827777996006,30.838827777996006,127589846.99352235,-13.832234444400807,13.832234444400807,53544646.20887908
long_shock_break,ceded,bornhuetter_ferguson_standard,0.9,50,50,1.0,-37.75494500019641,-38.05073119508219,37.75494500019641,154268281.51727515,4.764464582527926,0.003819603999872925,-30.838827777996006,30.838827777996006,127589846.99352235,-6.916117222200402,6.916117222200402,26678434.52375281
long_shock_break,ceded,bornhuetter_ferguson_standard,1.0,50,50,1.0,-30.838827777996006,-31.167479105646876,30.838827777996006,127589846.99352235,5.293849536142139,0.0039225460001034666,-30.838827777996006,30.838827777996006,127589846.99352235,0.0,0.0,0.0
long_shock_break,ceded,bornhuetter_ferguson_standard,1.1,50,50,1.0,-23.922710555795607,-24.28422701621156,23.922710555795607,101247734.53417294,5.823234489756353,0.003875066000327934,-30.838827777996006,30.838827777996006,127589846.99352235,6.916117222200398,-6.916117222200398,-26342112.45934941
long_shock_break,ceded,bornhuetter_ferguson_standard,1.2,50,50,1.0,-17.006593333595198,-17.400974926776243,17.006593333595198,75594356.66575253,6.3526194433705685,0.003908153999800561,-30.838827777996006,30.838827777996006,127589846.99352235,13.832234444400807,-13.832234444400807,-51995490.327769816
long_shock_break,ceded,expected_loss,0.8,50,50,1.0,-22.896348391666937,-23.524962351406643,22.896348391666937,101469461.13446435,8.917489396157292,0.008719905999314506,6.4505348769705915,10.320734352298167,48334731.4582367,-29.346883268637526,12.57561403936877,53134729.67622765
long_shock_break,ceded,expected_loss,0.9,50,50,1.0,-8.54150194902336,-9.269600393357116,11.362116771349918,55426180.37986146,10.194448515823414,0.008725456000101986,6.4505348769705915,10.320734352298167,48334731.4582367,-14.992036825993951,1.0413824190517502,7091448.921624757
long_shock_break,ceded,expected_loss,1.0,50,50,1.0,6.4505348769705915,5.4589922120917285,10.320734352298167,48334731.4582367,11.37244022215998,0.00880388000034145,6.4505348769705915,10.320734352298167,48334731.4582367,0.0,0.0,0.0
long_shock_break,ceded,expected_loss,1.1,50,50,1.0,21.870757732307396,20.652095546860856,21.870757732307396,94212733.32239623,12.530539510125019,0.00875066799999331,6.4505348769705915,10.320734352298167,48334731.4582367,15.420222855336805,11.550023380009229,45878001.86415953
long_shock_break,ceded,expected_loss,1.2,50,50,1.0,37.61855923821599,36.24719142099316,37.61855923821599,152331730.94194728,13.695545756888283,0.008713422001019353,6.4505348769705915,10.320734352298167,48334731.4582367,31.168024361245394,27.29782488591782,103996999.48371059
long_shock_break,gross,bornhuetter_ferguson_break_aware,0.8,50,50,1.0,-42.698990421945766,-42.913400206881306,42.698990421945766,331608111.8618126,4.468734410666212,0.003811120000173105,-28.3737380274322,28.3737380274322,226040809.76898122,-14.325252394513566,14.325252394513566,105567302.09283137
long_shock_break,gross,bornhuetter_ferguson_break_aware,0.9,50,50,1.0,-35.53636422468899,-35.77757523274146,35.53636422468899,278588242.692723,5.027326211999489,0.0038346959998307286,-28.3737380274322,28.3737380274322,226040809.76898122,-7.162626197256788,7.162626197256788,52547432.92374176
long_shock_break,gross,bornhuetter_ferguson_break_aware,1.0,50,50,1.0,-28.3737380274322,-28.641750258601625,28.3737380274322,226040809.76898122,5.585918013332765,0.003883526001154678,-28.3737380274322,28.3737380274322,226040809.76898122,0.0,0.0,0.0
long_shock_break,gross,bornhuetter_ferguson_break_aware,1.1,50,50,1.0,-21.211111830175415,-21.50592528446178,21.211111830175415,174393394.35812357,6.144509814666041,0.003845034000114538,-28.3737380274322,28.3737380274322,226040809.76898122,7.162626197256785,-7.162626197256785,-51647415.41085765
long_shock_break,gross,bornhuetter_ferguson_break_aware,1.2,50,50,1.0,-14.048485632918643,-14.370100310321954,14.149284944412647,124768721.68461673,6.703101615999317,0.0038192159998288846,-28.3737380274322,28.3737380274322,226040809.76898122,14.325252394513557,-14.224453083019553,-101272088.08436449
long_shock_break,gross,bornhuetter_ferguson_standard,0.8,50,50,1.0,-25.27698126736557,-25.556580989851692,25.27698126736557,203560233.96968737,5.827424813947198,0.0038021879996813367,-6.596226584206987,8.185151420696798,79469448.09371997,-18.680754683158582,17.091829846668773,124090785.8759674
long_shock_break,gross,bornhuetter_ferguson_standard,0.9,50,50,1.0,-15.936603925786274,-16.251153613583156,15.936603925786274,137529272.35502368,6.555852915690599,0.003839060000173049,-6.596226584206987,8.185151420696798,79469448.09371997,-9.340377341579288,7.7514525050894765,58059824.26130371
long_shock_break,gross,bornhuetter_ferguson_standard,1.0,50,50,1.0,-6.596226584206987,-6.9457262373146325,8.185151420696798,79469448.09371997,7.284281017433996,0.0038089520002540667,-6.596226584206987,8.185151420696798,79469448.09371997,0.0,0.0,0.0
long_shock_break,gross,bornhuetter_ferguson_standard,1.1,50,50,1.0,2.744150757372333,2.3597011389539215,6.625675590710565,60332794.82378003,8.0127091191774,0.0038086619997920934,-6.596226584206987,8.185151420696798,79469448.09371997,9.34037734157932,-1.5594758299862326,-19136653.269939944
long_shock_break,gross,bornhuetter_ferguson_standard,1.2,50,50,1.0,12.08452809895162,11.665128515222445,12.522526662548414,104346823.6569085,8.741137220920796,0.0038011439994443206,-6.596226584206987,8.185151420696798,79469448.09371997,18.680754683158607,4.337375241851616,24877375.563188523
long_shock_break,gross,expected_loss,0.8,50,50,1.0,-33.64914910146856,-33.72567279062292,33.64914910146856,272254525.0975067,8.744105996734525,0.008746976000402355,9.95848912251478,13.706466377165818,119201379.18698248,-43.60763822398334,19.942682724302742,153053145.91052422
long_shock_break,gross,expected_loss,0.9,50,50,1.0,-13.459094735610766,-14.561410531558561,14.908990796652706,139785462.78211102,11.21299235886163,0.008761022000107914,9.95848912251478,13.706466377165818,119201379.18698248,-23.417583858125546,1.2025244194868883,20584083.595128536
long_shock_break,gross,expected_loss,1.0,50,50,1.0,9.95848912251478,10.16047104025253,13.706466377165818,119201379.18698248,13.785957432740958,0.008864571999583858,9.95848912251478,13.706466377165818,119201379.18698248,0.0,0.0,0.0
long_shock_break,gross,expected_loss,1.1,50,50,1.0,35.581501496728244,36.88840410431237,35.581501496728244,281814178.9129938,16.17703030709035,0.008711586000426905,9.95848912251478,13.706466377165818,119201379.18698248,25.623012374213463,21.875035119562426,162612799.7260113
long_shock_break,gross,expected_loss,1.2,50,50,1.0,63.29862461512367,65.65308451395241,63.29862461512367,483305294.19049686,18.313156353726832,0.008852890000271145,9.95848912251478,13.706466377165818,119201379.18698248,53.340135492608894,49.592158237957854,364103915.0035144
long_shock_no_break,ceded,bornhuetter_ferguson_break_aware,0.8,50,50,1.0,-51.03181523517903,-51.41348109080306,51.03181523517903,270454486.6987147,3.542224840585297,0.0037161099999502767,-38.78976904397377,38.78976904397377,207628892.1930216,-12.242046191205262,12.242046191205262,62825594.50569308
long_shock_no_break,ceded,bornhuetter_ferguson_break_aware,0.9,50,50,1.0,-44.91079213957641,-45.34016622715343,44.91079213957641,238989171.34126315,3.98500294565846,0.00385625400027493,-38.78976904397377,38.78976904397377,207628892.1930216,-6.121023095602638,6.121023095602638,31360279.14824155
long_shock_no_break,ceded,bornhuetter_ferguson_break_aware,1.0,50,50,1.0,-38.78976904397377,-39.266851363503804,38.78976904397377,207628892.1930216,4.427781050731622,0.0037660619993403087,-38.78976904397377,38.78976904397377,207628892.1930216,0.0,0.0,0.0
long_shock_no_break,ceded,bornhuetter_ferguson_break_aware,1.1,50,50,1.0,-32.668745948371146,-33.19353649985419,32.668745948371146,176429668.5374046,4.870559155804785,0.003724272000399651,-38.78976904397377,38.78976904397377,207628892.1930216,6.121023095602624,-6.121023095602624,-31199223.655617
long_shock_no_break,ceded,bornhuetter_ferguson_break_aware,1.2,50,50,1.0,-26.54772285276853,-27.120221636204576,26.54772285276853,145495145.00193775,5.313337260877946,0.003741600000648759,-38.78976904397377,38.78976904397377,207628892.1930216,12.24204619120524,-12.24204619120524,-62133747.19108385
long_shock_no_break,ceded,bornhuetter_ferguson_standard,0.8,50,50,1.0,-51.03181523517903,-51.41348109080306,51.03181523517903,270454486.6987147,3.542224840585297,0.003889895999018336,-38.78976904397377,38.78976904397377,207628892.1930216,-12.242046191205262,12.242046191205262,62825594.50569308
long_shock_no_break,ceded,bornhuetter_ferguson_standard,0.9,50,50,1.0,-44.91079213957641,-45.34016622715343,44.91079213957641,238989171.34126315,3.98500294565846,0.007179842000186909,-38.78976904397377,38.78976904397377,207628892.1930216,-6.121023095602638,6.121023095602638,31360279.14824155
long_shock_no_break,ceded,bornhuetter_ferguson_standard,1.0,50,50,1.0,-38.78976904397377,-39.266851363503804,38.78976904397377,207628892.1930216,4.427781050731622,0.0039022279996424915,-38.78976904397377,38.78976904397377,207628892.1930216,0.0,0.0,0.0
long_shock_no_break,ceded,bornhuetter_ferguson_standard,1.1,50,50,1.0,-32.668745948371146,-33.19353649985419,32.668745948371146,176429668.5374046,4.870559155804785,0.00388725000055274,-38.78976904397377,38.78976904397377,207628892.1930216,6.121023095602624,-6.121023095602624,-31199223.655617
long_shock_no_break,ceded,bornhuetter_ferguson_standard,1.2,50,50,1.0,-26.54772285276853,-27.120221636204576,26.54772285276853,145495145.00193775,5.313337260877946,0.0038470139999117236,-38.78976904397377,38.78976904397377,207628892.1930216,12.24204619120524,-12.24204619120524,-62133747.19108385
long_shock_no_break,ceded,expected_loss,0.8,50,50,1.0,-21.007174599674673,-21.22697114964736,21.007174599674673,121041363.3720473,7.511510926755023,0.008733257999556371,5.019568869015677,8.580187778594057,52385752.87689038,-26.02674346869035,12.426986821080616,68655610.49515691
long_shock_no_break,ceded,expected_loss,0.9,50,50,1.0,-8.170598589280821,-8.710308795887645,10.006277277072783,64916689.97933437,8.509941324661144,0.008914425999537344,5.019568869015677,8.580187778594057,52385752.87689038,-13.190167458296498,1.426089498478726,12530937.102443986
long_shock_no_break,ceded,expected_loss,1.0,50,50,1.0,5.019568869015677,4.256741845057336,8.580187778594057,52385752.87689038,9.502585321033257,0.008791250000067521,5.019568869015677,8.580187778594057,52385752.87689038,0.0,0.0,0.0
long_shock_no_break,ceded,expected_loss,1.1,50,50,1.0,18.478619583671914,17.72390658078799,18.478619583671914,104494619.95169646,10.497398773847179,0.008722282000235282,5.019568869015677,8.580187778594057,52385752.87689038,13.459050714656238,9.898431805077857,52108867.07480607
long_shock_no_break,ceded,expected_loss,1.2,50,50,1.0,32.16983827349259,31.54753201473623,32.16983827349259,171072580.0247975,11.496828691604488,0.00872593199921539,5.019568869015677,8.580187778594057,52385752.87689038,27.15026940447691,23.589650494898528,118686827.14790711
long_shock_no_break,gross,bornhuetter_ferguson_break_aware,0.8,50,50,1.0,-38.056084107458354,-38.31148635432697,38.056084107458354,385882348.17539406,4.450272454493558,0.0038113479998719414,-22.57010513432293,22.57010513432293,237555130.7459333,-15.485978973135424,15.485978973135424,148327217.42946076
long_shock_no_break,gross,bornhuetter_ferguson_break_aware,0.9,50,50,1.0,-30.31309462089064,-30.60042214861784,30.31309462089064,311223041.72531277,5.006556511305253,0.00389595599976019,-22.57010513432293,22.57010513432293,237555130.7459333,-7.742989486567712,7.742989486567712,73667910.97937948
long_shock_no_break,gross,bornhuetter_ferguson_break_aware,1.0,50,50,1.0,-22.57010513432293,-22.88935794290871,22.57010513432293,237555130.7459333,5.562840568116949,0.0038471760001266373,-22.57010513432293,22.57010513432293,237555130.7459333,0.0,0.0,0.0
long_shock_no_break,gross,bornhuetter_ferguson_break_aware,1.1,50,50,1.0,-14.827115647755228,-15.17829373719958,14.827115647755228,166202171.9540424,6.119124624928642,0.0038311819998489227,-22.57010513432293,22.57010513432293,237555130.7459333,7.742989486567701,-7.742989486567701,-71352958.79189089
long_shock_no_break,gross,bornhuetter_ferguson_break_aware,1.2,50,50,1.0,-7.084126161187532,-7.467229531490463,8.081851162626181,102136903.98835605,6.675408681740338,0.013190050000412156,-22.57010513432293,22.57010513432293,237555130.7459333,15.485978973135397,-14.488253971696748,-135418226.75757724
long_shock_no_break,gross,bornhuetter_ferguson_standard,0.8,50,50,1.0,-38.056084107458354,-38.31148635432697,38.056084107458354,385882348.17539406,4.450272454493558,0.0038013700005831196,-22.57010513432293,22.57010513432293,237555130.7459333,-15.485978973135424,15.485978973135424,148327217.42946076
long_shock_no_break,gross,bornhuetter_ferguson_standard,0.9,50,50,1.0,-30.31309462089064,-30.60042214861784,30.31309462089064,311223041.72531277,5.006556511305253,0.0039006859999790324,-22.57010513432293,22.57010513432293,237555130.7459333,-7.742989486567712,7.742989486567712,73667910.97937948
long_shock_no_break,gross,bornhuetter_ferguson_standard,1.0,50,50,1.0,-22.57010513432293,-22.88935794290871,22.57010513432293,237555130.7459333,5.562840568116949,0.003791139999520965,-22.57010513432293,22.57010513432293,237555130.7459333,0.0,0.0,0.0
long_shock_no_break,gross,bornhuetter_ferguson_standard,1.1,50,50,1.0,-14.827115647755228,-15.17829373719958,14.827115647755228,166202171.9540424,6.119124624928642,0.0037704400005168282,-22.57010513432293,22.57010513432293,237555130.7459333,7.742989486567701,-7.742989486567701,-71352958.79189089
long_shock_no_break,gross,bornhuetter_ferguson_standard,1.2,50,50,1.0,-7.084126161187532,-7.467229531490463,8.081851162626181,102136903.98835605,6.675408681740338,0.003795086000900483,-22.57010513432293,22.57010513432293,237555130.7459333,15.485978973135397,-14.488253971696748,-135418226.75757724
long_shock_no_break,gross,expected_loss,0.8,50,50,1.0,-30.09302038651259,-30.35634405537705,30.09302038651259,317512285.3566059,7.97684033201901,0.00869174200008274,7.165853902591005,11.098094737026477,125054287.2638777,-37.258874289103595,18.994925649486113,192457998.0927282
long_shock_no_break,gross,expected_loss,0.9,50,50,1.0,-12.424939369626301,-12.766242512343933,13.439103394752449,164203081.84718993,9.76393527482854,0.008971810000075494,7.165853902591005,11.098094737026477,125054287.2638777,-19.590793272217304,2.341008657725972,39148794.58331223
long_shock_no_break,gross,expected_loss,1.0,50,50,1.0,7.165853902591005,7.683626220823862,11.098094737026477,125054287.2638777,11.592351683876506,0.008761950000043726,7.165853902591005,11.098094737026477,125054287.2638777,0.0,0.0,0.0
long_shock_no_break,gross,expected_loss,1.1,50,50,1.0,28.241421398338208,28.985259172235097,28.241421398338208,293481047.9109923,13.32906277196064,0.008714389999804553,7.165853902591005,11.098094737026477,125054287.2638777,21.0755674957472,17.143326661311733,168426760.64711463
long_shock_no_break,gross,expected_loss,1.2,50,50,1.0,50.735100337145916,51.95259356543906,50.735100337145916,505944523.17245436,14.932952078580549,0.008734611999389017,7.165853902591005,11.098094737026477,125054287.2638777,43.56924643455491,39.63700560011944,380890235.90857667
long_stable_break,ceded,bornhuetter_ferguson_break_aware,0.8,50,50,1.0,-56.523840197946875,-56.461529047182395,56.523840197946875,142000094.29323316,3.818875666263853,0.0038484699990658554,-45.65480024743361,45.65480024743361,115750398.53689295,-10.869039950513262,10.869039950513262,26249695.756340206
long_stable_break,ceded,bornhuetter_ferguson_break_aware,0.9,50,50,1.0,-51.08932022269024,-51.01922017808019,51.08932022269024,128855765.14766824,4.296235124546835,0.003749905999575276,-45.65480024743361,45.65480024743361,115750398.53689295,-5.434519975256627,5.434519975256627,13105366.610775292
long_stable_break,ceded,bornhuetter_ferguson_break_aware,1.0,50,50,1.0,-45.65480024743361,-45.576911308978,45.65480024743361,115750398.53689295,4.773594582829816,0.0038358200002403466,-45.65480024743361,45.65480024743361,115750398.53689295,0.0,0.0,0.0
long_stable_break,ceded,bornhuetter_ferguson_break_aware,1.1,50,50,1.0,-40.22028027217697,-40.134602439875806,40.22028027217697,102698911.52423504,5.250954041112797,0.0037521420007396956,-45.65480024743361,45.65480024743361,115750398.53689295,5.4345199752566415,-5.4345199752566415,-13051487.01265791
long_stable_break,ceded,bornhuetter_ferguson_break_aware,1.2,50,50,1.0,-34.78576029692032,-34.692293570773586,34.78576029692032,89724819.37697254,5.728313499395781,0.0038022999996610452,-45.65480024743361,45.65480024743361,115750398.53689295,10.86903995051329,-10.86903995051329,-26025579.15992041
long_stable_break,ceded,bornhuetter_ferguson_standard,0.8,50,50,1.0,-43.83758087132303,-43.75708744730491,43.83758087132303,111379248.0592468,4.933216198153904,0.0038757000007899477,-29.796976089153787,29.796976089153787,77916103.11272654,-14.04060478216924,14.04060478216924,33463144.946520254
long_stable_break,ceded,bornhuetter_ferguson_standard,0.9,50,50,1.0,-36.81727848023841,-36.726723378218054,36.81727848023841,94563677.57746325,5.549868222923142,0.003831967999867629,-29.796976089153787,29.796976089153787,77916103.11272654,-7.02030239108462,7.02030239108462,16647574.464736715
long_stable_break,ceded,bornhuetter_ferguson_standard,1.0,50,50,1.0,-29.796976089153787,-29.696359309131154,29.796976089153787,77916103.11272654,6.16652024769238,0.0038754120006342417,-29.796976089153787,29.796976089153787,77916103.11272654,0.0,0.0,0.0
long_stable_break,ceded,bornhuetter_ferguson_standard,1.1,50,50,1.0,-22.776673698069153,-22.665995240044268,22.776673698069153,61572939.8367421,6.783172272461618,0.003887776000337908,-29.796976089153787,29.796976089153787,77916103.11272654,7.020302391084634,-7.020302391084634,-16343163.275984436
long_stable_break,ceded,bornhuetter_ferguson_standard,1.2,50,50,1.0,-15.756371306984551,-15.6356311709574,15.832629204525663,45860794.85325694,7.399824297230856,0.003825592000212055,-29.796976089153787,29.796976089153787,77916103.11272654,14.040604782169236,-13.964346884628124,-32055308.2594696
long_stable_break,ceded,expected_loss,0.8,50,50,1.0,-23.069600124499804,-23.92329214372561,23.069600124499804,66339540.74981607,11.147666581453727,0.008838812000030885,9.609257347373315,13.493135547022145,40080444.45693109,-32.678857471873116,9.576464577477658,26259096.292884976
long_stable_break,ceded,expected_loss,0.9,50,50,1.0,-7.2023380014398874,-7.92769465360549,12.90584877214705,38279019.101452745,13.10608059829384,0.008677892000123392,9.609257347373315,13.493135547022145,40080444.45693109,-16.811595348813203,-0.5872867748750963,-1801425.3554783463
long_stable_break,ceded,expected_loss,1.0,50,50,1.0,9.609257347373315,8.923350812769366,13.493135547022145,40080444.45693109,14.83793666704875,0.008874158000398893,9.609257347373315,13.493135547022145,40080444.45693109,0.0,0.0,0.0
long_stable_break,ceded,expected_loss,1.1,50,50,1.0,27.20832846017041,26.614641906178477,27.23615635599632,73202090.61960672,16.462297142317436,0.008735636000637896,9.609257347373315,13.493135547022145,40080444.45693109,17.599071112797095,13.743020808974176,33121646.162675627
long_stable_break,ceded,expected_loss,1.2,50,50,1.0,45.35213096101919,44.8651136083119,45.35213096101919,114543048.98235765,18.137913926802955,0.008744109999970533,9.609257347373315,13.493135547022145,40080444.45693109,35.74287361364588,31.858995413997047,74462604.52542657
long_stable_break,gross,bornhuetter_ferguson_break_aware,0.8,50,50,1.0,-40.4451922751621,-40.72907658249447,40.4451922751621,244864950.86221534,4.618453018281646,0.0038018659998488146,-25.55649034395263,25.55649034395263,159807131.6143028,-14.888701931209471,14.888701931209471,85057819.24791253
long_stable_break,gross,bornhuetter_ferguson_break_aware,0.9,50,50,1.0,-33.000841309557366,-33.32021115530628,33.000841309557366,202092183.24210653,5.19575964556685,0.003772704000439262,-25.55649034395263,25.55649034395263,159807131.6143028,-7.4443509656047375,7.4443509656047375,42285051.62780371
long_stable_break,gross,bornhuetter_ferguson_break_aware,1.0,50,50,1.0,-25.55649034395263,-25.91134572811809,25.55649034395263,159807131.6143028,5.773066272852057,0.0038864539995847737,-25.55649034395263,25.55649034395263,159807131.6143028,0.0,0.0,0.0
long_stable_break,gross,bornhuetter_ferguson_break_aware,1.1,50,50,1.0,-18.1121393783479,-18.502480300929903,18.1121393783479,118532909.02717666,6.350372900137263,0.0038309680001111703,-25.55649034395263,25.55649034395263,159807131.6143028,7.444350965604727,-7.444350965604727,-41274222.58712615
long_stable_break,gross,bornhuetter_ferguson_break_aware,1.2,50,50,1.0,-10.667788412743164,-11.093614873741714,11.190855160774188,79852640.22261682,6.927679527422468,0.0037826799997128548,-25.55649034395263,25.55649034395263,159807131.6143028,14.888701931209464,-14.36563518317844,-79954491.39168599
long_stable_break,gross,bornhuetter_ferguson_standard,0.8,50,50,1.0,-21.288409407974477,-21.663609769253235,21.288409407974477,135960129.3687931,6.1040543497863995,0.003871527999290265,-1.6105117599680994,6.324884871111944,46735339.3955629,-19.67789764800638,14.963524536862533,89224789.9732302
long_stable_break,gross,bornhuetter_ferguson_standard,0.9,50,50,1.0,-11.449460583971291,-11.871560990409886,11.862948350340066,83683594.9268545,6.867061143509701,0.003850429999874905,-1.6105117599680994,6.324884871111944,46735339.3955629,-9.838948824003191,5.538063479228121,36948255.531291604
long_stable_break,gross,bornhuetter_ferguson_standard,1.0,50,50,1.0,-1.6105117599680994,-2.0795122115665414,6.324884871111944,46735339.3955629,7.630067937232999,0.009455288000317523,-1.6105117599680994,6.324884871111944,46735339.3955629,0.0,0.0,0.0
long_stable_break,gross,bornhuetter_ferguson_standard,1.1,50,50,1.0,8.22843706403509,7.712536567276804,9.488444738607711,63473620.060531475,8.3930747309563,0.0037810780003201218,-1.6105117599680994,6.324884871111944,46735339.3955629,9.83894882400319,3.163559867495767,16738280.664968573
long_stable_break,gross,bornhuetter_ferguson_standard,1.2,50,50,1.0,18.06738588803826,17.50458534612013,18.06738588803826,111969056.1958642,9.156081524679598,0.0037968919999548235,-1.6105117599680994,6.324884871111944,46735339.3955629,19.677897648006358,11.742501016926315,65233716.8003013
long_stable_break,gross,expected_loss,0.8,50,50,1.0,-35.01403266757176,-35.22598519821055,35.01403266757176,220147538.67779148,9.084883514930297,0.0087761179995141,12.322198650819287,15.502598515188872,106229560.23944959,-47.33623131839105,19.51143415238289,113917978.43834189
long_stable_break,gross,expected_loss,0.9,50,50,1.0,-13.595794866824763,-14.756113974950729,15.418423856492005,112264775.28439635,12.02016595527189,0.008700105999596417,12.322198650819287,15.502598515188872,106229560.23944959,-25.91799351764405,-0.0841746586968668,6035215.04494676
long_stable_break,gross,expected_loss,1.0,50,50,1.0,12.322198650819287,12.333380441087678,15.502598515188872,106229560.23944959,15.057426112140215,0.008883236000401666,12.322198650819287,15.502598515188872,106229560.23944959,0.0,0.0,0.0
long_stable_break,gross,expected_loss,1.1,50,50,1.0,41.133647702262586,42.79879835112121,41.133647702262586,252771524.154988,18.004844449605454,0.008765634000737918,12.322198650819287,15.502598515188872,106229560.23944959,28.811449051443297,25.631049187073714,146541963.9155384
long_stable_break,gross,expected_loss,1.2,50,50,1.0,72.66384280739305,75.77164339900713,72.66384280739305,431827068.89843017,20.558715001022946,0.008715097999665886,12.322198650819287,15.502598515188872,106229560.23944959,60.341644156573764,57.16124429220418,325597508.6589806
long_stable_no_break,ceded,bornhuetter_ferguson_break_aware,0.8,50,50,1.0,-51.20016841227264,-51.53301107140955,51.20016841227264,166353612.13441783,4.065815232381088,0.003777025999734178,-39.0002105153408,39.0002105153408,128355236.5876696,-12.199957896931842,12.199957896931842,37998375.546748236
long_stable_no_break,ceded,bornhuetter_ferguson_break_aware,0.9,50,50,1.0,-45.10018946380672,-45.47463745533574,45.10018946380672,147313530.31337622,4.574042136428725,0.0037925820001692046,-39.0002105153408,39.0002105153408,128355236.5876696,-6.099978948465925,6.099978948465925,18958293.725706622
long_stable_no_break,ceded,bornhuetter_ferguson_break_aware,1.0,50,50,1.0,-39.0002105153408,-39.416263839261944,39.0002105153408,128355236.5876696,5.082269040476361,0.0038000999989162665,-39.0002105153408,39.0002105153408,128355236.5876696,0.0,0.0,0.0
long_stable_no_break,ceded,bornhuetter_ferguson_break_aware,1.1,50,50,1.0,-32.90023156687488,-33.357890223188136,32.90023156687488,109521212.1391477,5.5904959445239975,0.003723794000397902,-39.0002105153408,39.0002105153408,128355236.5876696,6.0999789484659175,-6.0999789484659175,-18834024.448521897
long_stable_no_break,ceded,bornhuetter_ferguson_break_aware,1.2,50,50,1.0,-26.80025261840897,-27.29951660711433,26.80025261840897,90888743.30875468,6.098722848571633,0.0037561640005151276,-39.0002105153408,39.0002105153408,128355236.5876696,12.199957896931828,-12.199957896931828,-37466493.27891491
long_stable_no_break,ceded,bornhuetter_ferguson_standard,0.8,50,50,1.0,-51.20016841227264,-51.53301107140955,51.20016841227264,166353612.13441783,4.065815232381088,0.005445631999755278,-39.0002105153408,39.0002105153408,128355236.5876696,-12.199957896931842,12.199957896931842,37998375.546748236
long_stable_no_break,ceded,bornhuetter_ferguson_standard,0.9,50,50,1.0,-45.10018946380672,-45.47463745533574,45.10018946380672,147313530.31337622,4.574042136428725,0.003906873999949312,-39.0002105153408,39.0002105153408,128355236.5876696,-6.099978948465925,6.099978948465925,18958293.725706622
long_stable_no_break,ceded,bornhuetter_ferguson_standard,1.0,50,50,1.0,-39.0002105153408,-39.416263839261944,39.0002105153408,128355236.5876696,5.082269040476361,0.0038992480002343656,-39.0002105153408,39.0002105153408,128355236.5876696,0.0,0.0,0.0
long_stable_no_break,ceded,bornhuetter_ferguson_standard,1.1,50,50,1.0,-32.90023156687488,-33.357890223188136,32.90023156687488,109521212.1391477,5.5904959445239975,0.011782481999834999,-39.0002105153408,39.0002105153408,128355236.5876696,6.0999789484659175,-6.0999789484659175,-18834024.448521897
long_stable_no_break,ceded,bornhuetter_ferguson_standard,1.2,50,50,1.0,-26.80025261840897,-27.29951660711433,26.80025261840897,90888743.30875468,6.098722848571633,0.0038554719997046048,-39.0002105153408,39.0002105153408,128355236.5876696,12.199957896931828,-12.199957896931828,-37466493.27891491
long_stable_no_break,ceded,expected_loss,0.8,50,50,1.0,-21.359332332712437,-22.847462731463246,21.359332332712437,77961173.91989559,9.425093741811784,0.008795767998963129,7.125006206259725,11.00374900788119,41482157.6403186,-28.48433853897216,10.355583324831247,36479016.27957699
long_stable_no_break,ceded,expected_loss,0.9,50,50,1.0,-7.4063249843137715,-8.825789748689273,11.36298131014838,43852243.24133079,10.862962887211742,0.00882154999897466,7.125006206259725,11.00374900788119,41482157.6403186,-14.531331190573496,0.3592323022671895,2370085.601012185
long_stable_no_break,ceded,expected_loss,1.0,50,50,1.0,7.125006206259725,6.297487509035918,11.00374900788119,41482157.6403186,12.225960569816596,0.008837988000304903,7.125006206259725,11.00374900788119,41482157.6403186,0.0,0.0,0.0
long_stable_no_break,ceded,expected_loss,1.1,50,50,1.0,22.16421274791943,21.598821074000487,22.16421274791943,77121790.49044594,13.537786350211107,0.008736857999465428,7.125006206259725,11.00374900788119,41482157.6403186,15.039206541659704,11.160463740038239,35639632.85012734
long_stable_no_break,ceded,expected_loss,1.2,50,50,1.0,37.53123228212171,37.40940617543838,37.53123228212171,122301204.60622886,14.92552503196638,0.008745981999963988,7.125006206259725,11.00374900788119,41482157.6403186,30.40622607586198,26.527483274240517,80819046.96591026
long_stable_no_break,gross,bornhuetter_ferguson_break_aware,0.8,50,50,1.0,-35.536392674911,-35.8068416608742,35.536392674911,275511176.0095599,4.596434444741534,0.003922692000342068,-19.420490843638746,19.420490843638746,158488026.95305535,-16.115901831272254,16.115901831272254,117023149.05650458
long_stable_no_break,gross,bornhuetter_ferguson_break_aware,0.9,50,50,1.0,-27.478441759274855,-27.782696868483463,27.478441759274855,216459770.09607628,5.170988750334226,0.0038531159996637145,-19.420490843638746,19.420490843638746,158488026.95305535,-8.057950915636109,8.057950915636109,57971743.14302093
long_stable_no_break,gross,bornhuetter_ferguson_break_aware,1.0,50,50,1.0,-19.420490843638746,-19.758552076092744,19.420490843638746,158488026.95305535,5.745543055926917,0.003867858000594424,-19.420490843638746,19.420490843638746,158488026.95305535,0.0,0.0,0.0
long_stable_no_break,gross,bornhuetter_ferguson_break_aware,1.1,50,50,1.0,-11.362539928002628,-11.734407283702023,11.669361053170716,103427636.33792093,6.3200973615196085,0.0038594259999808855,-19.420490843638746,19.420490843638746,158488026.95305535,8.057950915636118,-7.751129790468029,-55060390.61513442
long_stable_no_break,gross,bornhuetter_ferguson_break_aware,1.2,50,50,1.0,-3.304589012366506,-3.7102624913113047,6.339984154166286,59927421.79484008,6.894651667112298,0.003857538001029752,-19.420490843638746,19.420490843638746,158488026.95305535,16.11590183127224,-13.08050668947246,-98560605.15821527
long_stable_no_break,gross,bornhuetter_ferguson_standard,0.8,50,50,1.0,-35.536392674911,-35.8068416608742,35.536392674911,275511176.0095599,4.596434444741534,0.0038282379998418035,-19.420490843638746,19.420490843638746,158488026.95305535,-16.115901831272254,16.115901831272254,117023149.05650458
long_stable_no_break,gross,bornhuetter_ferguson_standard,0.9,50,50,1.0,-27.478441759274855,-27.782696868483463,27.478441759274855,216459770.09607628,5.170988750334226,0.0038612419995479284,-19.420490843638746,19.420490843638746,158488026.95305535,-8.057950915636109,8.057950915636109,57971743.14302093
long_stable_no_break,gross,bornhuetter_ferguson_standard,1.0,50,50,1.0,-19.420490843638746,-19.758552076092744,19.420490843638746,158488026.95305535,5.745543055926917,0.00383658599894261,-19.420490843638746,19.420490843638746,158488026.95305535,0.0,0.0,0.0
long_stable_no_break,gross,bornhuetter_ferguson_standard,1.1,50,50,1.0,-11.362539928002628,-11.734407283702023,11.669361053170716,103427636.33792093,6.3200973615196085,0.0037677300001087133,-19.420490843638746,19.420490843638746,158488026.95305535,8.057950915636118,-7.751129790468029,-55060390.61513442
long_stable_no_break,gross,bornhuetter_ferguson_standard,1.2,50,50,1.0,-3.304589012366506,-3.7102624913113047,6.339984154166286,59927421.79484008,6.894651667112298,0.00383122800005367,-19.420490843638746,19.420490843638746,158488026.95305535,16.11590183127224,-13.08050668947246,-98560605.15821527
long_stable_no_break,gross,expected_loss,0.8,50,50,1.0,-31.812583961716328,-32.44815829410612,31.812583961716328,255281583.04257065,8.272892706847406,0.00877721999946516,8.811374983781347,12.456116773136085,108326399.81075983,-40.62395894549768,19.356467188580243,146955183.2318108
long_stable_no_break,gross,expected_loss,0.9,50,50,1.0,-12.866733647051719,-13.69958988814871,14.03087562209185,131322104.18902728,10.505376113615279,0.009034067999455147,8.811374983781347,12.456116773136085,108326399.81075983,-21.678108630833066,1.5747588489557653,22995704.378267452
long_stable_no_break,gross,expected_loss,1.0,50,50,1.0,8.811374983781347,8.311306121299516,12.456116773136085,108326399.81075983,12.720553596362967,0.00880446600029245,8.811374983781347,12.456116773136085,108326399.81075983,0.0,0.0,0.0
long_stable_no_break,gross,expected_loss,1.1,50,50,1.0,32.46893831055366,33.143316229569805,32.46893831055366,256708969.65674126,14.854839667923656,0.008713135999860242,8.811374983781347,12.456116773136085,108326399.81075983,23.657563326772312,20.012821537417576,148382569.84598142
long_stable_no_break,gross,expected_loss,1.2,50,50,1.0,58.03591048519322,59.586481385316624,58.03591048519322,441482283.2221225,16.737573306999113,0.008749841999815544,8.811374983781347,12.456116773136085,108326399.81075983,49.22453550141187,45.57979371205714,333155883.41136265
short_emerging_no_break,ceded,bornhuetter_ferguson_break_aware,0.8,50,50,1.0,-64.34092985146788,-64.7368638907601,64.34092985146788,46154253.52807278,4.775484983520893,0.0056436299996858,-55.42616231433485,55.42616231433485,40189739.295613825,-8.914767537133024,8.914767537133024,5964514.232458957
short_emerging_no_break,ceded,bornhuetter_ferguson_break_aware,0.9,50,50,1.0,-59.883546082901354,-60.32897187710512,59.883546082901354,43167146.04850419,5.372420606461003,0.003732160000508884,-55.42616231433485,55.42616231433485,40189739.295613825,-4.457383768566501,4.457383768566501,2977406.7528903633
short_emerging_no_break,ceded,bornhuetter_ferguson_break_aware,1.0,50,50,1.0,-55.42616231433485,-55.92107986345013,55.42616231433485,40189739.295613825,5.969356229401115,0.0037856659993121865,-55.42616231433485,55.42616231433485,40189739.295613825,0.0,0.0,0.0
short_emerging_no_break,ceded,bornhuetter_ferguson_break_aware,1.1,50,50,1.0,-50.96877854576833,-51.51318784979513,50.96877854576833,37224361.09274635,6.5662918523412275,0.003776720000169007,-55.42616231433485,55.42616231433485,40189739.295613825,4.4573837685665225,-4.4573837685665225,-2965378.202867478
short_emerging_no_break,ceded,bornhuetter_ferguson_break_aware,1.2,50,50,1.0,-46.51139477720183,-47.10529583614016,46.51139477720183,34274133.69166574,7.163227475281339,0.0038171639999200124,-55.42616231433485,55.42616231433485,40189739.295613825,8.914767537133024,-8.914767537133024,-5915605.6039480865
short_emerging_no_break,ceded,bornhuetter_ferguson_standard,0.8,50,50,1.0,-64.34092985146788,-64.7368638907601,64.34092985146788,46154253.52807278,4.775484983520893,0.00385530200030189,-55.42616231433485,55.42616231433485,40189739.295613825,-8.914767537133024,8.914767537133024,5964514.232458957
short_emerging_no_break,ceded,bornhuetter_ferguson_standard,0.9,50,50,1.0,-59.883546082901354,-60.32897187710512,59.883546082901354,43167146.04850419,5.372420606461003,0.0038535979995504024,-55.42616231433485,55.42616231433485,40189739.295613825,-4.457383768566501,4.457383768566501,2977406.7528903633
short_emerging_no_break,ceded,bornhuetter_ferguson_standard,1.0,50,50,1.0,-55.42616231433485,-55.92107986345013,55.42616231433485,40189739.295613825,5.969356229401115,0.003888387999177212,-55.42616231433485,55.42616231433485,40189739.295613825,0.0,0.0,0.0
short_emerging_no_break,ceded,bornhuetter_ferguson_standard,1.1,50,50,1.0,-50.96877854576833,-51.51318784979513,50.96877854576833,37224361.09274635,6.5662918523412275,0.003809330000076443,-55.42616231433485,55.42616231433485,40189739.295613825,4.4573837685665225,-4.4573837685665225,-2965378.202867478
short_emerging_no_break,ceded,bornhuetter_ferguson_standard,1.2,50,50,1.0,-46.51139477720183,-47.10529583614016,46.51139477720183,34274133.69166574,7.163227475281339,0.0038094399991678075,-55.42616231433485,55.42616231433485,40189739.295613825,8.914767537133024,-8.914767537133024,-5915605.6039480865
short_emerging_no_break,ceded,expected_loss,0.8,50,50,1.0,-9.482871481217993,-10.378795238975366,22.82268993651079,19690319.686264873,25.58498162403134,0.008787696000508731,56.62678237630269,56.62678237630269,43944540.51073305,-66.10965385752068,-33.8040924397919,-24254220.82446818
short_emerging_no_break,ceded,expected_loss,0.9,50,50,1.0,20.423184784933614,20.598760903079324,28.99180308086293,24025779.980542168,31.267873214548604,0.008777271999861114,56.62678237630269,56.62678237630269,43944540.51073305,-36.203597591369075,-27.634979295439763,-19918760.530190885
short_emerging_no_break,ceded,expected_loss,1.0,50,50,1.0,56.62678237630269,56.31383293831515,56.62678237630269,43944540.51073305,37.346848268382026,0.008878450000047451,56.62678237630269,56.62678237630269,43944540.51073305,0.0,0.0,0.0
short_emerging_no_break,ceded,expected_loss,1.1,50,50,1.0,98.37337112823896,97.66016358686642,98.37337112823896,70710187.96881098,43.20500944014007,0.008715713999408762,56.62678237630269,56.62678237630269,43944540.51073305,41.746588751936265,41.746588751936265,26765647.458077922
short_emerging_no_break,ceded,expected_loss,1.2,50,50,1.0,143.76189998893796,143.07027731183337,143.76189998893796,100867997.88056171,49.313161645908764,0.008767951999907382,56.62678237630269,56.62678237630269,43944540.51073305,87.13511761263527,87.13511761263527,56923457.36982866
short_emerging_no_break,gross,bornhuetter_ferguson_break_aware,0.8,50,50,1.0,-39.19620532643381,-40.486806300303456,39.19620532643381,54855677.00932526,8.582064595445539,0.0037768999993568284,-23.99525665804229,24.1744266123178,37252925.10259044,-15.200948668391522,15.021778714116014,17602751.906734817
short_emerging_no_break,gross,bornhuetter_ferguson_break_aware,0.9,50,50,1.0,-31.595730992238053,-33.047657087841394,31.595730992238053,45897609.07971745,9.654822669876232,0.00765704600038589,-23.99525665804229,24.1744266123178,37252925.10259044,-7.600474334195763,7.4213043799202545,8644683.977127008
short_emerging_no_break,gross,bornhuetter_ferguson_break_aware,1.0,50,50,1.0,-23.99525665804229,-25.608507875379335,24.1744266123178,37252925.10259044,10.727580744306922,0.003896148000203539,-23.99525665804229,24.1744266123178,37252925.10259044,0.0,0.0,0.0
short_emerging_no_break,gross,bornhuetter_ferguson_break_aware,1.1,50,50,1.0,-16.394782323846513,-18.169358662917265,17.753452737653134,29201284.707104407,11.800338818737615,0.0037845559998822866,-23.99525665804229,24.1744266123178,37252925.10259044,7.600474334195777,-6.420973874664664,-8051640.395486034
short_emerging_no_break,gross,bornhuetter_ferguson_break_aware,1.2,50,50,1.0,-8.794307989650736,-10.730209450455192,13.08884904876219,22391835.984863605,12.873096893168308,0.0037687820001156068,-23.99525665804229,24.1744266123178,37252925.10259044,15.200948668391554,-11.085577563555608,-14861089.117726836
short_emerging_no_break,gross,bornhuetter_ferguson_standard,0.8,50,50,1.0,-39.19620532643381,-40.486806300303456,39.19620532643381,54855677.00932526,8.582064595445539,0.003857308000588091,-23.99525665804229,24.1744266123178,37252925.10259044,-15.200948668391522,15.021778714116014,17602751.906734817
short_emerging_no_break,gross,bornhuetter_ferguson_standard,0.9,50,50,1.0,-31.595730992238053,-33.047657087841394,31.595730992238053,45897609.07971745,9.654822669876232,0.003771752000466222,-23.99525665804229,24.1744266123178,37252925.10259044,-7.600474334195763,7.4213043799202545,8644683.977127008
short_emerging_no_break,gross,bornhuetter_ferguson_standard,1.0,50,50,1.0,-23.99525665804229,-25.608507875379335,24.1744266123178,37252925.10259044,10.727580744306922,0.0038545320004050154,-23.99525665804229,24.1744266123178,37252925.10259044,0.0,0.0,0.0
short_emerging_no_break,gross,bornhuetter_ferguson_standard,1.1,50,50,1.0,-16.394782323846513,-18.169358662917265,17.753452737653134,29201284.707104407,11.800338818737615,0.0038152199993783144,-23.99525665804229,24.1744266123178,37252925.10259044,7.600474334195777,-6.420973874664664,-8051640.395486034
short_emerging_no_break,gross,bornhuetter_ferguson_standard,1.2,50,50,1.0,-8.794307989650736,-10.730209450455192,13.08884904876219,22391835.984863605,12.873096893168308,0.0038862220001465177,-23.99525665804229,24.1744266123178,37252925.10259044,15.200948668391554,-11.085577563555608,-14861089.117726836
short_emerging_no_break,gross,expected_loss,0.8,50,50,1.0,-34.807982562557214,-39.392099182835246,39.146743967610256,63384307.27974922,28.517027407335252,0.0087561699996877,90.48049312757574,90.65276347656958,124283025.70566508,-125.28847569013296,-51.50601950895932,-60898718.42591586
short_emerging_no_break,gross,expected_loss,0.9,50,50,1.0,14.415699860218378,8.867322876429764,33.81029092304812,51343212.709148176,41.2337160603629,0.00877613399992697,90.48049312757574,90.65276347656958,124283025.70566508,-76.06479326735736,-56.84247255352145,-72939812.99651691
short_emerging_no_break,gross,expected_loss,1.0,50,50,1.0,90.48049312757574,86.54915586187028,90.65276347656958,124283025.70566508,54.957728295306346,0.008890283999644453,90.48049312757574,90.65276347656958,124283025.70566508,0.0,0.0,0.0
short_emerging_no_break,gross,expected_loss,1.1,50,50,1.0,192.8238663590391,192.90753210089366,192.8238663590391,248359006.7298086,70.98716149746826,0.008722238000336802,90.48049312757574,90.65276347656958,124283025.70566508,102.34337323146336,102.17110288246953,124075981.02414352
short_emerging_no_break,gross,expected_loss,1.2,50,50,1.0,314.45239170036456,310.2331585360547,314.45239170036456,399674281.2351449,88.25186797332142,0.008853450000169688,90.48049312757574,90.65276347656958,124283025.70566508,223.9718985727888,223.79962822379497,275391255.52947986
short_shock_no_break,ceded,bornhuetter_ferguson_break_aware,0.8,50,50,1.0,-65.00325211564905,-64.94010784043928,65.00325211564905,59040735.41644138,4.354070109932019,0.0038474520000454505,-56.25406514456132,56.25406514456132,51540927.93690213,-8.749186971087731,8.749186971087731,7499807.479539253
short_shock_no_break,ceded,bornhuetter_ferguson_break_aware,0.9,50,50,1.0,-60.62865863010517,-60.557621320494206,60.62865863010517,55285921.576645866,4.898328873673521,0.0038801360002253204,-56.25406514456132,56.25406514456132,51540927.93690213,-4.374593485543855,4.374593485543855,3744993.639743738
short_shock_no_break,ceded,bornhuetter_ferguson_break_aware,1.0,50,50,1.0,-56.25406514456132,-56.17513480054912,56.25406514456132,51540927.93690213,5.442587637415023,0.003845793999644229,-56.25406514456132,56.25406514456132,51540927.93690213,0.0,0.0,0.0
short_shock_no_break,ceded,bornhuetter_ferguson_break_aware,1.1,50,50,1.0,-51.87947165901745,-51.79264828060402,51.87947165901745,47808062.31764615,5.986846401156527,0.0038718479993985967,-56.25406514456132,56.25406514456132,51540927.93690213,4.374593485543869,-4.374593485543869,-3732865.619255975
short_shock_no_break,ceded,bornhuetter_ferguson_break_aware,1.2,50,50,1.0,-47.50487817347358,-47.41016176065895,47.50487817347358,44090405.24300088,6.531105164898027,0.003818972000735812,-56.25406514456132,56.25406514456132,51540927.93690213,8.749186971087738,-8.749186971087738,-7450522.693901248
short_shock_no_break,ceded,bornhuetter_ferguson_standard,0.8,50,50,1.0,-65.00325211564905,-64.94010784043928,65.00325211564905,59040735.41644138,4.354070109932019,0.0038641639998240863,-56.25406514456132,56.25406514456132,51540927.93690213,-8.749186971087731,8.749186971087731,7499807.479539253
short_shock_no_break,ceded,bornhuetter_ferguson_standard,0.9,50,50,1.0,-60.62865863010517,-60.557621320494206,60.62865863010517,55285921.576645866,4.898328873673521,0.0038479280001774896,-56.25406514456132,56.25406514456132,51540927.93690213,-4.374593485543855,4.374593485543855,3744993.639743738
short_shock_no_break,ceded,bornhuetter_ferguson_standard,1.0,50,50,1.0,-56.25406514456132,-56.17513480054912,56.25406514456132,51540927.93690213,5.442587637415023,0.003910402000328759,-56.25406514456132,56.25406514456132,51540927.93690213,0.0,0.0,0.0
short_shock_no_break,ceded,bornhuetter_ferguson_standard,1.1,50,50,1.0,-51.87947165901745,-51.79264828060402,51.87947165901745,47808062.31764615,5.986846401156527,0.003835259999323171,-56.25406514456132,56.25406514456132,51540927.93690213,4.374593485543869,-4.374593485543869,-3732865.619255975
short_shock_no_break,ceded,bornhuetter_ferguson_standard,1.2,50,50,1.0,-47.50487817347358,-47.41016176065895,47.50487817347358,44090405.24300088,6.531105164898027,0.003969299999444047,-56.25406514456132,56.25406514456132,51540927.93690213,8.749186971087738,-8.749186971087738,-7450522.693901248
short_shock_no_break,ceded,expected_loss,0.8,50,50,1.0,-14.453749647766829,-13.559142542826233,21.850370002486716,24511672.029348157,21.925519778823038,0.00877022600005148,44.67434903490267,44.8696053940665,44896002.51542281,-59.128098682669496,-23.01923539157978,-20384330.486074656
short_shock_no_break,ceded,expected_loss,0.9,50,50,1.0,12.464227214819916,13.636312961204098,23.28933299798229,24137263.340484057,26.41983609323248,0.008836809999920661,44.67434903490267,44.8696053940665,44896002.51542281,-32.210121820082755,-21.580272396084208,-20758739.174938757
short_shock_no_break,ceded,expected_loss,1.0,50,50,1.0,44.67434903490267,44.24825854620666,44.8696053940665,44896002.51542281,31.201992655954612,0.008906109999661566,44.67434903490267,44.8696053940665,44896002.51542281,0.0,0.0,0.0
short_shock_no_break,ceded,expected_loss,1.1,50,50,1.0,81.05788997787452,78.94100068193464,81.05788997787452,74304702.42766286,35.85878590035091,0.008853496000228915,44.67434903490267,44.8696053940665,44896002.51542281,36.383540942971855,36.18828458380803,29408699.91224005
short_shock_no_break,ceded,expected_loss,1.2,50,50,1.0,120.256278592751,116.53404005752476,120.256278592751,107451641.30507948,40.7634649061887,0.008855475999589545,44.67434903490267,44.8696053940665,44896002.51542281,75.58192955784833,75.3866731986845,62555638.78965666
short_shock_no_break,gross,bornhuetter_ferguson_break_aware,0.8,50,50,1.0,-40.47250650429725,-41.72878402255962,40.47250650429725,63220167.737743005,8.406675375881003,0.0038444899996102322,-25.59063313037156,25.620481335820912,43769712.05855935,-14.88187337392569,14.852025168476338,19450455.679183654
short_shock_no_break,gross,bornhuetter_ferguson_break_aware,0.9,50,50,1.0,-33.0315698173344,-34.44488202537957,33.0315698173344,53344106.10431062,9.457509797866129,0.0038461679997271857,-25.59063313037156,25.620481335820912,43769712.05855935,-7.440936686962839,7.411088481513488,9574394.045751266
short_shock_no_break,gross,bornhuetter_ferguson_break_aware,1.0,50,50,1.0,-25.59063313037156,-27.160980028199532,25.620481335820912,43769712.05855935,10.508344219851251,0.0038595580001128836,-25.59063313037156,25.620481335820912,43769712.05855935,0.0,0.0,0.0
short_shock_no_break,gross,bornhuetter_ferguson_break_aware,1.1,50,50,1.0,-18.149696443408708,-19.877078031019476,19.183932717953628,34747254.87937283,11.559178641836379,0.0037868740000703838,-25.59063313037156,25.620481335820912,43769712.05855935,7.4409366869628535,-6.436548617867285,-9022457.179186523
short_shock_no_break,gross,bornhuetter_ferguson_break_aware,1.2,50,50,1.0,-10.708759756445872,-12.593176033839434,14.077826704704723,26839257.44048557,12.610013063821503,0.0038617680002062116,-25.59063313037156,25.620481335820912,43769712.05855935,14.88187337392569,-11.54265463111619,-16930454.61807378
short_shock_no_break,gross,bornhuetter_ferguson_standard,0.8,50,50,1.0,-40.47250650429725,-41.72878402255962,40.47250650429725,63220167.737743005,8.406675375881003,0.0038182320001942573,-25.59063313037156,25.620481335820912,43769712.05855935,-14.88187337392569,14.852025168476338,19450455.679183654
short_shock_no_break,gross,bornhuetter_ferguson_standard,0.9,50,50,1.0,-33.0315698173344,-34.44488202537957,33.0315698173344,53344106.10431062,9.457509797866129,0.0038593519997084515,-25.59063313037156,25.620481335820912,43769712.05855935,-7.440936686962839,7.411088481513488,9574394.045751266
short_shock_no_break,gross,bornhuetter_ferguson_standard,1.0,50,50,1.0,-25.59063313037156,-27.160980028199532,25.620481335820912,43769712.05855935,10.508344219851251,0.0039040320001367946,-25.59063313037156,25.620481335820912,43769712.05855935,0.0,0.0,0.0
short_shock_no_break,gross,bornhuetter_ferguson_standard,1.1,50,50,1.0,-18.149696443408708,-19.877078031019476,19.183932717953628,34747254.87937283,11.559178641836379,0.0039058919994567984,-25.59063313037156,25.620481335820912,43769712.05855935,7.4409366869628535,-6.436548617867285,-9022457.179186523
short_shock_no_break,gross,bornhuetter_ferguson_standard,1.2,50,50,1.0,-10.708759756445872,-12.593176033839434,14.077826704704723,26839257.44048557,12.610013063821503,0.0039021500006492715,-25.59063313037156,25.620481335820912,43769712.05855935,14.88187337392569,-11.54265463111619,-16930454.61807378
short_shock_no_break,gross,expected_loss,0.8,50,50,1.0,-35.54469309183717,-41.29629123369132,39.483464631430316,71274471.06674942,27.771368510458455,0.00882175000035204,81.54016477655723,81.87011859296719,126383355.35513444,-117.08485786839441,-42.38665396153687,-55108884.28838502
short_shock_no_break,gross,expected_loss,0.9,50,50,1.0,10.895134229430386,6.445582663270146,31.98747123273785,54304860.761815436,39.373304561674054,0.008817265999387019,81.54016477655723,81.87011859296719,126383355.35513444,-70.64503054712685,-49.88264736022934,-72078494.593319
short_shock_no_break,gross,expected_loss,1.0,50,50,1.0,81.54016477655723,77.5606221344384,81.87011859296719,126383355.35513444,51.77146233609032,0.008981588000024203,81.54016477655723,81.87011859296719,126383355.35513444,0.0,0.0,0.0
short_shock_no_break,gross,expected_loss,1.1,50,50,1.0,175.60236349766544,174.27682172285813,175.60236349766544,253538050.18822464,66.38526395370266,0.00886082999946666,81.54016477655723,81.87011859296719,126383355.35513444,94.0621987211082,93.73224490469825,127154694.8330902
short_shock_no_break,gross,expected_loss,1.2,50,50,1.0,286.95382517486007,283.6073495062699,286.95382517486007,408616166.1198111,82.06225509107995,0.008878034000517801,81.54016477655723,81.87011859296719,126383355.35513444,205.41366039830285,205.0837065818929,282232810.7646767
short_stable_no_break,ceded,bornhuetter_ferguson_break_aware,0.8,50,50,1.0,-63.441032488517465,-64.25749714953787,63.441032488517465,36389022.5062972,5.512945599014007,0.0037530020005942786,-54.30129061064683,54.30129061064683,31599022.164821107,-9.139741877870634,9.139741877870634,4790000.341476094
short_stable_no_break,ceded,bornhuetter_ferguson_break_aware,0.9,50,50,1.0,-58.87116154958215,-59.78968429323008,58.87116154958215,33988815.17379055,6.202063798890759,0.0038751739998406265,-54.30129061064683,54.30129061064683,31599022.164821107,-4.569870938935317,4.569870938935317,2389793.008969445
short_stable_no_break,ceded,bornhuetter_ferguson_break_aware,1.0,50,50,1.0,-54.30129061064683,-55.32187143692232,54.30129061064683,31599022.164821107,6.891181998767506,0.0038533019997703376,-54.30129061064683,54.30129061064683,31599022.164821107,0.0,0.0,0.0
short_stable_no_break,ceded,bornhuetter_ferguson_break_aware,1.1,50,50,1.0,-49.73141967171152,-50.85405858061455,49.73141967171152,29222198.642950986,7.580300198644258,0.0038100199995096773,-54.30129061064683,54.30129061064683,31599022.164821107,4.56987093893531,-4.56987093893531,-2376823.5218701214
short_stable_no_break,ceded,bornhuetter_ferguson_break_aware,1.2,50,50,1.0,-45.16154873277621,-46.386245724306775,45.16154873277621,26861787.583550494,8.269418398521008,0.0038042820003465747,-54.30129061064683,54.30129061064683,31599022.164821107,9.13974187787062,-9.13974187787062,-4737234.581270613
short_stable_no_break,ceded,bornhuetter_ferguson_standard,0.8,50,50,1.0,-63.441032488517465,-64.25749714953787,63.441032488517465,36389022.5062972,5.512945599014007,0.003804198000289034,-54.30129061064683,54.30129061064683,31599022.164821107,-9.139741877870634,9.139741877870634,4790000.341476094
short_stable_no_break,ceded,bornhuetter_ferguson_standard,0.9,50,50,1.0,-58.87116154958215,-59.78968429323008,58.87116154958215,33988815.17379055,6.202063798890759,0.0038662419994943773,-54.30129061064683,54.30129061064683,31599022.164821107,-4.569870938935317,4.569870938935317,2389793.008969445
short_stable_no_break,ceded,bornhuetter_ferguson_standard,1.0,50,50,1.0,-54.30129061064683,-55.32187143692232,54.30129061064683,31599022.164821107,6.891181998767506,0.003914091999176889,-54.30129061064683,54.30129061064683,31599022.164821107,0.0,0.0,0.0
short_stable_no_break,ceded,bornhuetter_ferguson_standard,1.1,50,50,1.0,-49.73141967171152,-50.85405858061455,49.73141967171152,29222198.642950986,7.580300198644258,0.004097419999889098,-54.30129061064683,54.30129061064683,31599022.164821107,4.56987093893531,-4.56987093893531,-2376823.5218701214
short_stable_no_break,ceded,bornhuetter_ferguson_standard,1.2,50,50,1.0,-45.16154873277621,-46.386245724306775,45.16154873277621,26861787.583550494,8.269418398521008,0.003774562000471633,-54.30129061064683,54.30129061064683,31599022.164821107,9.13974187787062,-9.13974187787062,-4737234.581270613
short_stable_no_break,ceded,expected_loss,0.8,50,50,1.0,-2.81269329408551,-6.292035157639996,25.295962222211664,16885498.37119014,30.55077626773326,0.008724032000463922,71.27840229217402,71.27840229217402,43010988.82872311,-74.09109558625953,-45.98244006996236,-26125490.457532972
short_stable_no_break,ceded,expected_loss,0.9,50,50,1.0,30.406983976837246,28.273579667768786,36.96133024506485,24285437.577307742,37.67508172760303,0.008831180000997847,71.27840229217402,71.27840229217402,43010988.82872311,-40.871418315336776,-34.31707204710917,-18725551.25141537
short_stable_no_break,ceded,expected_loss,1.0,50,50,1.0,71.27840229217402,68.93184962537563,71.27840229217402,43010988.82872311,45.42855597336829,0.00895193999996991,71.27840229217402,71.27840229217402,43010988.82872311,0.0,0.0,0.0
short_stable_no_break,ceded,expected_loss,1.1,50,50,1.0,118.82093374047788,116.28827035774444,118.82093374047788,67322055.2491566,53.209747636212676,0.009007780000247293,71.27840229217402,71.27840229217402,43010988.82872311,47.54253144830386,47.54253144830386,24311066.420433484
short_stable_no_break,ceded,expected_loss,1.2,50,50,1.0,171.2191306982977,166.53113764827629,171.2191306982977,94820202.09923832,60.97210381553109,0.00872843799981638,71.27840229217402,71.27840229217402,43010988.82872311,99.94072840612368,99.94072840612368,51809213.27051521
short_stable_no_break,gross,bornhuetter_ferguson_break_aware,0.8,50,50,1.0,-37.93110148116993,-39.2750109549647,37.93110148116993,48012964.88330148,8.741955998436296,0.006007496000092942,-22.41387685146243,22.760823807635088,31950215.14787525,-15.517224629707503,15.170277673534844,16062749.735426232
short_stable_no_break,gross,bornhuetter_ferguson_break_aware,0.9,50,50,1.0,-30.172489166316186,-31.684387324335287,30.172489166316186,39817368.73243871,9.834700498240837,0.0037935819997801444,-22.41387685146243,22.760823807635088,31950215.14787525,-7.758612314853757,7.411665358681098,7867153.584563464
short_stable_no_break,gross,bornhuetter_ferguson_break_aware,1.0,50,50,1.0,-22.41387685146243,-24.093763693705874,22.760823807635088,31950215.14787525,10.92744499804537,0.003858608000300592,-22.41387685146243,22.760823807635088,31950215.14787525,0.0,0.0,0.0
short_stable_no_break,gross,bornhuetter_ferguson_break_aware,1.1,50,50,1.0,-14.655264536608673,-16.503140063076465,16.525511628354206,24727009.17108107,12.020189497849907,0.003978233999951044,-22.41387685146243,22.760823807635088,31950215.14787525,7.758612314853757,-6.235312179280882,-7223205.9767941795
short_stable_no_break,gross,bornhuetter_ferguson_break_aware,1.2,50,50,1.0,-6.896652221754917,-8.912516432447056,12.19799835987645,18901033.21061096,13.112933997654444,0.003775447999651078,-22.41387685146243,22.760823807635088,31950215.14787525,15.517224629707513,-10.562825447758637,-13049181.93726429
short_stable_no_break,gross,bornhuetter_ferguson_standard,0.8,50,50,1.0,-37.93110148116993,-39.2750109549647,37.93110148116993,48012964.88330148,8.741955998436296,0.0038632659990980754,-22.41387685146243,22.760823807635088,31950215.14787525,-15.517224629707503,15.170277673534844,16062749.735426232
short_stable_no_break,gross,bornhuetter_ferguson_standard,0.9,50,50,1.0,-30.172489166316186,-31.684387324335287,30.172489166316186,39817368.73243871,9.834700498240837,0.003926815999875544,-22.41387685146243,22.760823807635088,31950215.14787525,-7.758612314853757,7.411665358681098,7867153.584563464
short_stable_no_break,gross,bornhuetter_ferguson_standard,1.0,50,50,1.0,-22.41387685146243,-24.093763693705874,22.760823807635088,31950215.14787525,10.92744499804537,0.003898229999904288,-22.41387685146243,22.760823807635088,31950215.14787525,0.0,0.0,0.0
short_stable_no_break,gross,bornhuetter_ferguson_standard,1.1,50,50,1.0,-14.655264536608673,-16.503140063076465,16.525511628354206,24727009.17108107,12.020189497849907,0.0038857360000838525,-22.41387685146243,22.760823807635088,31950215.14787525,7.758612314853757,-6.235312179280882,-7223205.9767941795
short_stable_no_break,gross,bornhuetter_ferguson_standard,1.2,50,50,1.0,-6.896652221754917,-8.912516432447056,12.19799835987645,18901033.21061096,13.112933997654444,0.0038604940005461685,-22.41387685146243,22.760823807635088,31950215.14787525,15.517224629707513,-10.562825447758637,-13049181.93726429
short_stable_no_break,gross,expected_loss,0.8,50,50,1.0,-34.2256116281566,-37.98678777464356,38.96885722625962,57096598.704225376,29.30154161705064,0.008758212000248022,99.05947047989463,99.07626350120692,121960189.31947677,-133.28508210805123,-60.1074062749473,-64863590.61525139
short_stable_no_break,gross,expected_loss,0.9,50,50,1.0,17.728881019824065,11.396502065480462,35.68613456494035,49037496.79142294,43.07428892983119,0.008971666000579716,99.05947047989463,99.07626350120692,121960189.31947677,-81.33058946007057,-63.39012893626657,-72922692.52805382
short_stable_no_break,gross,expected_loss,1.0,50,50,1.0,99.05947047989463,95.27456015148206,99.07626350120692,121960189.31947677,58.04642024752567,0.008834464000392473,99.05947047989463,99.07626350120692,121960189.31947677,0.0,0.0,0.0
short_stable_no_break,gross,expected_loss,1.1,50,50,1.0,209.40238274328226,208.85176027808623,209.40238274328226,242913201.63051274,75.44255996365618,0.008966750000545289,99.05947047989463,99.07626350120692,121960189.31947677,110.34291226338763,110.32611924207534,120953012.31103598
short_stable_no_break,gross,expected_loss,1.2,50,50,1.0,340.9275719459648,335.4437127385201,340.9275719459648,390413832.964986,94.18557379238798,0.008726929999829736,99.05947047989463,99.07626350120692,121960189.31947677,241.8681014660702,241.85130844475788,268453643.64550924
